일련번호,Title,연도,저자,구분,Topic,요약
0,1000년,2022,발레리 한센,역사/사회,초기 세계화,"세계화라는 것이 20세기 이후, 또는 빨라도 15세기 신대륙 발견과 함께 시작되었다는 기존 통념을 반박하며, 서기 1000년을 전후로 이미 세계화가 상당히 진척되었음을 밝히고 있다.노르드인이 캐나나 뉴펀들랜드에 상륙하여, 이미 북아메리카 진출했다는 놀라운 사실과 함께, 아메리카 내에서는, 북아메리카와 마야문명이 인적,물적 교류가 일어났다는 증거들도 많이 있다.유럽의 노예였던 슬라브족을 둘러싼, 스칸디나비아인 또는 루스인(러시아)의 노예 무역이 번성했으면, 서아프리카는 14세기 포르투갈이 아닌, 이미 이시대에 사하라를 걸쳐서 이슬람 제국과 무역을 진행하고 있었다.이슬람 가즈니 왕조와 힌두교의 인도, 불교의 요나라, 그리고 징기스칸에 이르기까지의 중앙아시아를 통한 교류도 활발했다.폴리네시아 인은 마다가스카르에서 중국까지 넓은 항해로를 이미 개척하고, 뉴질랜드까지 이르렀고, 중국이 동남아시아, 인도, 이슬람, 아프리카, 유럽과 교류를 하고 있었다."
1,100년 투자 가문의 비밀,2021,존 로스차일드,경제/경영,장기 투자,"데이비스 가문의 투자 이력에 대해 미국의 100년 역사와 같이 설명한다.데이비스는 30년대에 채권에 투자함으로써 대공황의 주식 폭락을 견디고 시드머니를 확보한다. 그는 40년대 후반의 늦은 나이에 주식 투자를 했지만, 정부기관에 일할때 경험한 보험업에 대한 통찰을 발휘하여 50년대 호황기에 저평가된 보험주에 투자하여 큰 이득을 얻는다. 그리고 해외에도 눈을 돌려 일본의 장부가 이하의 저평가 보험주로 큰 수익을 거둔다.자녀들의 신탁재산이 증시호황으로 급증하자, 일부만 증여하고 나머지는 기부하는등, 경제적 독립심과 함께, 투자에 대한 관념을 조기교육한다.아들 셸비는 70년대에 투자회사에 입문하는데, 스태그플레이션과 증시 정체로 아버지보다 저조한 성적으로 시작한다. 하지만 그레이엄의 가치투자에 입각한 유행 기술주가 아닌 저평가주를 매입하는 전략을 지속해서, 70년대를 버텨낸다. 80년대 이후 금리하락과 경기호황에 맞춰 금융주에 투자하고, 때때로의 주가 급락시 위기를 기회로 대처하고, 장기 투자를 지속한다.이런 장기투자, 적정가 매입, 저가매수 기회 활용하되, 시대적 변수를 잘 파악하는 것이 그들의 주요한 투자 원칙이다. "
2,10년후 세계사,2015,구정은,역사/사회,사회 문제,"현대 세계의 이슈와 가까운 미래에 대한 전망을 제시한다. 먼저 사회경제 분야에서는, 비정규/임시직의 제로아워 계약을 고발하고, 저개발 아시아 국가의 저렴한 노동력을 착취 문제, 빈부 격차의 심화를 다루면서, 제3세계 메가시티의 우울한 전망, 기후위기의 문제, 노령화에 대응하기 위한 시각의 전환을 요구한다. 국제 정치에 대해서는, 저개발국 원조의 문제와, 유럽 통합의 위기, 중국의 부상과 그 전망을 논의하고, 쇠약해지고 있는 미국, 아랍의 봄의 실패과 함께, 대안으로써 주민참여예산과 같이 새로운 실험이 일어나는 라틴 아메리카에 대해 알아본다.미래전망과 기술문명에 대해서는, 이민을 통해 낮아지는 국경의 미래와 과거사 극복에 대한 문제와 함께, 생명복제 기술의 전망, 전염병에 대한 경계, 그리고 안락사에 대한 첨예한 논쟁에 대해서도 다룬다.전반적으로 현대 사회의 이슈를 망라하긴 했지만, 건설적인 대안에 대해서는 다소 부족한 느낌"
3,10년후 이곳은 제2의 강남,2019,이승훈,경제/경영,부동산 투자,"한국 부동산에 대한 일반 전망으로서, 인구 감소, 공급 증가, 대출 규제등의 영향은 지역에 따라 다르며 서울 부동산은 지속적으로 유망하다서울에서 강남에 버금갈 지역(모두 재개발/재건축 예정지)용산. 서울의 중심의 위치이자 대규모 인프라 개발(국제업무지구/용산공원)이 포인트. 동부 이촌동과 한남 뉴타운여의도. 일자리/상업지역/한강변 입지가 뛰어남성수. 강남과 마주본 입지, 지속적인 개발 수요가 있는 준공업지가 포인트노량진. 강남 교통 접근성 및 여의도 업무 지구 인접성이 핵심그에 못하지만 유망한 지역도 소개한다.관악구는 2호선 강남 접근성. 자양동은 강남과 마주본 입지.영등포는 준공업지의 업무단지 개발. 구로구는 대림동 중국인 투자를 기대 노원창동은 창동기지 개발에 따른 수혜를 예상하고 있다"
4,10년후 이곳은 제2의 판교,2020,이승훈,경제/경영,부동산 투자,"경기권에서 최고 입지인 판교의 성공 요인을 분석하며, 판교에 근접할 수 있는 예상 지역을 소개한다.판교의 성공 요인은, 서울과의 근접성, 교통, 대규모 일자리, 대단지, 신축이다. 이를 고려한 유망지역을 검토해 보자.먼저 이미 높은 가치를 보여주는 곳이다. (대부분 신도시이다)과천. 위례. 성남구도심. 분당. 미사. 광명. 평촌다음으로 앞으로 기대되는 지역이다.평택 고덕(장점: 삼성. 단점: 물량/서울거리) 일산(장점: 교통. 단점: 창릉) 산본. 동탄(장점: 대규모/일자리. 단점: 서울거리) 송도(장점:환경/학군. 단점:서울거리) 김포(장점:마곡. 단점: 공급/교통). 광교(장점:환경. 신분당선). 부천 중동(장점:평지. 단점: 일자리X). 용인(신분당선 주변만 볼것). 수원(장점:일자리. 신분당선/GTX 예정)"
6,12가지 인생의 법칙,2018,조던 피터슨,인문/자기계발,개인 성장,"모든 인생의 과제를 자신의 노력을 통해서 해결해야 한다는, 자신의 어제를 리셋하고 새로운 나로 태어나는 과정이 수반되어야 한다는 것이 핵심 메시지이다. 또한 삶은 고통으로 점철되어 있다는 것을 인정해야 좀더 인생을 충실하게 영위해 갈 수 있다.무엇보다 명심할 것은, 남과 비교하지 말고, 매일매일 단지 어제의 나와 비교해가면서 점진적인 개선을 지속해 나가는 것이다. 그게 인생의 의미이다."
7,1등의 통찰,2016,히라이 다카시,경제/경영,데이터 기반 경영,"통찰력을 키우기 위해서, 문제 발생시 단순히 반대하거나, 기존의 카테고리 관념에 따지는등의 습관적 사고를 피하고, 시스템적 사고를 하는 것이 필요하다. 저자는 모델과 다이나미즘을 통해서 문제를 시스템적으로 해결하는 방법을 제안한다. 모델은 인풋, 아웃풋, 경쟁, 협력관계, 외부영향으로 요소가 나뉘는데, 각 요소가 잘 정의하여 모델을 세우는 것이 중요하며, 자동차를 예로 들면 제조층/조직층등 다양한 레이어에서 이를 살펴야 한다.시간에 따른 다이너미즘 측면에서, 스톡/플로, 비선형 관계, 상전이 같이 판세가 완전히 바뀌는 지점을 파악하는 것이 중요하다.문제의 해결을 위해서는 모델을 변형해야 하며, 전제조건을 바꾸거나, 눈앞이 아닌 다소 떨어진 시야에서 찾는 것도 필요하다.마지막으로 실행하면서 현실을 통해 피드백을 받는것도 중요하고, 위의 과정들을 몸에 익히기 위해 주변 사람들에게 설명하기 같은 팁도 제시한다"
8,2018 인구절벽이 온다,2014,해리 덴트,경제/경영,인구 구조 변화,"인구통계학이 세계 경제의 발전과 위기를 예측하는 중요한 변수임을 주장한다. 현재의 미국을 비롯한 선진국은 2차 세계 대전을 이후로 베이비 부머에 의한 거대한 인구 증가를 경험했고, 이는 이후 장기간에 걸쳐 소비의 급격한 증가등 경제의 중요한 변수로 작용하고 있다. 하지만 90년대 이후 이들의 노령화에 따른 인구 절벽을 맞게 될 것이고 이를 대비해야 한다.일본은 이보다 10년 앞서 베이비부머 세대가 존재했고, 이로 인해 90년대 이후 장기 침체를 경험하고 있다. 끝없는 양적 완화 정책을 쓰고 있지만, 공공부채의 급증등 부작용이 더 커서 근본적인 해결책이 될 수 없다.신흥 경제대국인 중국도 저출산 정책으로 인해 인구절벽을 곧 경험할 것이기 때문에, 도시화의 극대화를 통한 경제성장 전략도 한계를 맞아 위기를 막는데 실패할 것이다.이런 전반적인 인구구조의 한계는 버블의 붕괴와 함께, 디플레이션을 유발할 것이며, 우리는 이런 경제의 겨울을 잘 견디고 새로운 봄에 혁신을 통해 새로운 사업 기회를 발전시켜야 한다"
9,2019 부의 대절벽,2016,해리 덴트,경제/경영,경제 주기,"저자는 버블에 대해서 다년간 연구한 결과를 바탕으로, 버블의 속성을 설명하고 버블의 예측 및 대응 방안을 제시한다.버블은, 주기적/기하급수적이며 버블이 터지면 시작된 위치까지 되돌아간다. 버블은 역사적으로 네덜란드의 튤립 투기에서 기원하고, 미국에서 철도 및 20세기초의 전기 혁명으로 인한 버블은 대공황과 함께 터지고 말았다. 지금은 90년대 이후 발생한 버블의 한복판에 있으며, 이는 베이비부머가 주도한 거대한 세대지출주기의 영향으로 이해할 수 있다.하지만 미국및 서구권은 2008년 발생한 금융위기를 통해 버블을 해소해야 함에도 불구하고, 양적완화와 막대한 재정부채를 통해 위기를 모면하는데 급급했다. 이런 정책은 임시 방편일 뿐이며 곧 버블이 꺼지는 것을 피할 수 없다.미국뿐 아니라, 중국은 더욱 거대한 부채 버블을 가지고 있으며, 급격한 도시화 진행과 부동산을 통한 경기 부양이 한계에 이르렀다. 저자는 여러 차트의 분석을 통해 2018-2020년에 전세계적인 거대한 버블 붕괴가 일어날 것을 예상한다.이를 극복하기 위해서는, 현금 유동화 및 미국 장기 국채와 달러를 보유하는 것이 유일한 길이며, 부동산은 매각/사업도 핵심 위주로 축소 경영해야 한다"
10,2022 시니어 트렌드,2021,고려대학교 고령사회연구센터,경제/경영,고령화 사회,"고령화 사회를 맞아 새로운 시각으로 시니어 비즈니스를 창출할 수 있는 방법을 제시하고 있다.먼저 인터넷/앱 서비스에서 시니어 친화적인 디자인가 필요한데, 중국과 일본이 이 분야에서 대단히 빠르게 움직이고 있다. 금융 관점에서는, 60대이상이 차지하는 자산 비중이 50%를 넘는점에 주목해야 한다. DMM과 같은 자산관리서비스, 상속신탁서비스등이 급성장하고 있다. 체력적으로 건강한 시니어들은 걷기등 운동과 취미에도 적극적이다.시니어 1인가구의 증가에 따라, 공동생황을 통해 삶의 활력을 찾도록 하는 쉐어하우스/밀키트 시장도 커지고 있다. 연예계도 예외가 아닌데, 트로트가 히트를 기록하는 현상에 주목해야 한다. 또한, 요양원등이 아닌 집에서 지내려는 수요가 많아져, 데이케어센터나 로봇서비스도 각광받고 있다.에이징테크, 즉 노화를 방지하는 의학기술도 미국등 선진국을 중심으로, 암이나 노화세포 억제 효과를 가진 약물 개발이 이루어지고 있다.고령화가 세계 공동의 과제인만큼, 국가를 넘어서 전사회적으로 플랫폼을 혁신하려는 공동의 노력이 필요하다"
11,2030 대담한 도전,2016,최윤식,경제/경영,기후 변화,"저자는 2016-2020년의 금융위기를 예측하고, 이를 기점으로 2030년이후까지 펼쳐질 대대적인 산업과 기술 환경의 변화에 주도적으로 대응할 것을 주문한다.먼저 5년내의 금융위기의 관점에서, 미국의 금리이상에 따라서 강달러가 도래했고, 이로 인해, 아시아 국가들이 통화가치절하와 외화 유출등으로 인해서 위기를 맞을 것이라고 한다.새로운 산업 준비 관점에서, 5년내에 미래를 위한 기틀을 마련해야 한다고하며, 5개 공간과 5개 제품군의 매트릭스를 제안한다.HW, SW, 플랫폼, 컨텐츠, 완제품이 그것이며, 로봇과 AI에 대해 강조하고 있다.이런 발전 도상에서 몇가지 중요한 한계 요인이 있으며, 이를 기회로 활용해야 한다. 환경 측면에서 물의 중요성이 대두될 것이며, 유전자 조작과 바이러스의 창궐에 의한 위기도 예상된다. 한편, 테러나 전쟁등도 디지털화에 따라 새로운 양상을 띨 것이다. 이것을 위기이자 기회로서 활용하는 지혜가 필요하다"
12,2030 축의 전환,2020,마우로기옌,역사/사회,경제적 변화,"저자는 인구통계학적인 거대한 변화와 함께 수반되는 2030 미래에 대한 전망을 8가지의 축으로 정리한다. 첫째 출산율의 감소. 이민으로 대응이 필요하며, 한편 아프리카가 최대 인구 대륙으로 등장. 다음으로 고령 세대에 대한 인식 전환. 기본보다 액티브한 노동, 소비의 주체로서 역할을 인식할 것. 셋째, 아시아 및 아프리카의 거대한 중산층의 탄생. 기존 서구 중산층만을 겨냥한 기업과 정책이 재고되어야 한다. 넷째, 여성의 사회 참여 및 경제 권력이 강화. 다섯째, 거대 도시의 인구 비율 급증. 자원의 고갈 및 환경 보호 관점에서 다양한 대안 검토 필요. 다음으로, 과학기술의 발전에 의해 인공지능 3D 프린터등으로 위의 문제를 해결해야 하며, 일곱째, 새롭게 대두되는 공유 경제관점에서, 우버등을 사례로 자원의 효율적 사용이 가능할 것. 마지막으로, 블록체인 기반 기술의 정보의 독점을 피하고, 투명한 정보 관리로 인해 기후 위기등에도 효과적인 수단이 될 수 있음. 이런 여러가지 축의 변화들을 수평적 사고를 통해서 능동적으로 헤쳐 나가야 한다"
13,2040 디바이디드,2020,조병학,역사/사회,미래 사회 변화,"경영학 기반의 저자가 기술 혁명에 의해 변화될 미래를 양극화 관점에서 서술한 책이다. 주요한 기술 혁명은 다음과 같다. 인공지능, 자동화/로봇, 3D 프린팅, IOT, 바이오 헬스케어, 핀테크, 블록체인, 자율주행, 재생에너지.모든 기술이 현재 급격한 변화를 이루고 있기 때문에, 조만간 (여기서는 2040년) 이 기술을 가진 개인/국가와 그렇지 않는 곳 사이에 초격차가 발생할 것이라고 한다.주요 격차 발생 영역은, 일자리, 자산, 제조업 공장, 에너지, 생명공학, 초지능, 정보(기업/국가 vs 개인)(개인감상) 중요한 기술분야도 맞고 격차들이 지속적으로 증가할 가능성도 크다. 하지만 모든 분야가 동일한 속도는 아니며, 실제로 인공지능(생성AI)를 제외하곤 초기보다 많이 감속된 분야들이 다수이다. 좀더 기술에 대한 장기적이고, 종합적인 이해를 바탕으로 트렌드를 해석할 필요가 있다"
14,30개 도시로 읽는 세계사,2020,조지무쇼,역사/사회,도시 역사,"글자 그대로 30개 도시가 병렬로 연결되어 요약이 어렵지만, 한번 대륙별로 구분해 보았다.중동/아프리카: 바빌론(고대 성서), 예루살렘(고난의 성지),  알렉산드리아(헬레니즘), 바그다드(이슬람 전성기), 튀니스(지중해 3000년), 이스파한(고원의 옛도시),  두바이(사막의 네오퓨처)유럽: 아테네(민주정), 로마(영원의 도시), 콘스탄티노플(유럽/아시아), 모스크바(대삼림 제3의 로마), 베네치아(지중해 무역), 상트페테르부르크(표트르 대체), 파리(프랑스 문화), 암스테르담(프로테스탄트 무역), 런던(19세기 세계중심), 빈(합스부르크)아메리카: 테오티우아칸(영원한 수수께끼), 뉴욕(초강국 미국), 리우데자네이루(열대 뉴타운)아시아: 장안(수많은 왕조), 교토(천년의 수도), 사마르칸트(실크로드 요충지), 앙코르(밀림속 사원), 베이징(중화 중심지), 믈라카(세계유산 항구도시), 델리(다문화 도시), 싱가포르(아시아 부국), 상하이(급성장 항만도시)오세아니아: 시드니(리아스 항만도시)"
15,3D프린터의 모든것,2013,허제,과학/기술,3D 프린팅,"3D 프린터의 기술 및 응용분야에 대한 설명과 함께, 새로운 제조업으로의 도전을 제안하고 있다.3D 프린터는 첨가형제조를 하는 Rapid Prototyping 기술로서, 디자인을 신속변경해서 Just In Time으로 출시할 수 있는 장점이 있다. CNC와 비교하면 삭제형이 아닌 첨가형 CNC라고 할 수 있다. 활용분야를 보면, 시제품 생산 목적이 주였으나, 항공엔진, 태양전지등 제조품, 생체조직, 심지어 건축도 3D 방식을 고려하고 있다.2013년 현재 3D 프린터는 렙랩(RepLab)을 시작으로 메이커봇등이 주요 업체이며, 2D 프린터의 강자인 휴렛팩커드로 유력한 주자이다. 이들은 DIY 및 오픈소스등의 새로운 경제 트렌드를 기반으로 일을 하고 있다.3D 프린터로 개인 제조업도 가능해졌지만, 크라우드 펀딩 및 소싱을 통한 소셜 제조업도 유망하다고 한다.실제 창업을 위한 다양한 조언도 있는데, 디자인툴과 3D 프린터를 저렴하게 구하고, 지적재산권에 주의하여야 한다."
16,4차산업혁명 전문직의 미래,2016,리처드 서스킨드,과학/기술,전문직 변화,"저자는 전문직이 기술에 의해 어떻게 변화할지를 전망한다. 단순한 효율성 개선이 아닌, 기술에 의해 대체되어 현재 의미의 전문직이 소멸할 것을 예상하는 것이 특징이다.전문직의  법률, 의료와 같이 일상에 영향력이 큰 전문 지식이 신뢰할만한 집단이 다루도록 하면서, 그들에게 독점권를 수여한 대타협에 기인한다. 하지만, 성능저하, 신뢰상실, 비용상승, 도덕성 저하등에 직면하여 새로운 사회적인 요청을 받고 있다.최근, 각 전문직은 디지털 의료, 온라인교육, 법무분업화등 새로운 시도가 이루어지는데,  종합적으로 보면, 전문가 업무가 규칙화되어서, 분해되어 멀티소싱되며, 기계가 그중에 하나의 대상이 된다.정보의 하부구조 변천은 전문직과 밀접한 영향을 갖는데, 인쇄 시대에 오늘날의 전문직의 필요성이 발생했으나, IT 시대로 오면서 이를 대체하는 기술의 능력이 향상되고 있다. 전문직의 본질은 지식의 공급 자체인데, 지식은 현재의 구두방식에서 표준화 및 시스템화를 거쳐, 외부에 이용가능한 형태로 전달되도록 진화하고 있다.전문직의 소멸에 대해, 신뢰도와 시장 규범에 의한 도덕 상실등의 우려점이 있으나, 실용적 전문성을 이용할 수요자의 관점으로의 전환이 필요하다. 하지만 이는 필연적으로 실업을 유발하므로 이에 대한 대책과, 개방된 지식을 어떻게 관리할지 (공유재?) 검토가 필요하다"
17,90년생이 온다,2018,임홍택,역사/사회,세대 차이,"밀레니얼세대인 90년대생의 특징을 알아보고, 이들에게 어떻게 대응해야 하는지 사회경제 각 분야 관점에서 논의한다.90년대생의 특징은, 간단한 것을 좋아하고, 재미있는 것을 추구하면서도, 솔직/정직한 것을 원한다.직장에서 이들은, 워라밸을 추구하는데,이는 그들이 현재의 만족을 중요시하기 때문이다. 따라서 이들을 관리하기 위해서는 구시대적으로 잔업을 강요하지 말고, 일에서 의미와 흥미를 찾을 수 있도록 업무를 부여해야 한다.소비자로서의 90년대생은, 빠른 정보 습득 능력에 의해, 가격/품질등에서 소비자를 기만하는 기업을 쉽게 나락으로 빠뜨릴 수 있다. 기본적으로 정직한 제품과 서비스를 제공하되, 간결하고 재미까지 갖춘 상품이라면 먹힐 수 있다."
18,1%가 아닌 99%를 위한 경제,2021,폴 애들러,역사/사회,민주사회주의,"저자는 현대 사회의 문제를 해결하기 위해 민주사회주의를 제안한다. 해결해야 할 문제는, 경제적 불합리, 노동자의 소외, 정부의 무능력, 환경 문제, 사회 분열, 국제 갈등이다. 이를 해결하기 위한 윤리적 자본주의, 규제적 자본주의, 사회민주주의, 테크노 유토피아주의가 대두되지만, 모두 위의 6가지 근본 문제를 해결하기 못한다고 한다.이를 해결할 수 있는 것은 민주사회주의이다. 지역/국가/세계 단위로 중앙집권적으로 근본 문제 해결을 위한 전략을 세우고, 혁신하고, 학습하고, 일하는 것이다. 기존 대기업중 고차원 기업(권력을 이양한)에서 사례를 끌어온다. 저자는 현재 기술의 발전에 의해, 실현가능한 기회가 있고, 문제의 심각성은 동기를 더욱 강하게 하고 있기 때문에, 어렵지만 실현 가능하다고 주장하고 있다"
19,AI지도책,2022,케이트 크로퍼드,과학/기술,인공지능 윤리,"인공지능 산업이 전지구적으로 주는 부정적인 영향을, 정치,경제,사회적 관점에서 분석하고 있다.우선 AI산업에 쓰이는 원료들중 일부는 광산 채굴을 통해서 일어난다. 배터리의 리튬과 전극의 금이 그 예로서, 이를 통해 환경파괴 및 노동착취가 광범위하게 일어나고 있다. 19세기 분업화 대량생산 체제는, 현대의 AI를 통한 더욱 철저한 시간관리로 이어졌고, 이는 아마존의 물류창고에서 확인할 수 있다. 또한 인공지능 개발을 위해 많은 저임금 임시 노동자들이 데이터처리등을 하고 있으며 아마존의 AMT(mechanical turk)에서 확인할 수 있다.AI에 필수적인 데이터는 이미지넷이라는 공개된 거대한 이미지집합에서 알 수 있듯이, 사용자 동의없이 취합된 데이터가 사용되고 있어, 다수의 희생을 발판으로 소수의 AI 개발업체에 수익이 돌아간다. 또한, 데이터의 수집과 분류, 활용에서 인종차별등 인권이 광범위하게 침해되고 있다. 몇가지 얼굴 표정 타입에 의해 정서를 판단하는 편협한 기준은 맥락과 배경없이 차별적인 정치적 판단으로 이어진다.국가는 이 모든 과정에서 감시를 더 체계화하고 교묘하게 하는데 이익을 얻을 수 있다. 따라서 기존 권력구조를 옹호하는 이런 시도에 대해 정의를 위해 다양한 관계자들이 연대하여 문제를 제기하는 행동을 해야 한다"
20,E=mc2,2014,데이비드 보더니스,과학/기술,상대성 이론,"아인슈타인의 특수 상대성 이론의 핵심 방정식인 E=mc2에 대해서 가장 쉽게, 그리고 포괄적으로 설명한 책이다. 이 방정식은 1905년 아인슈타인이 베른특허청에 근무하면서, 제출한 논문의 일부분으로서 역사상 처음 등장하게 된다. 이 방정식의 탄생 이전에, 전자기파의 패러데이, 질량의 라부아지에가 별도였지만, 아인슈타인이 이 2가지 세계가 광속c로 연결된다는 것을 발견한다. 빛은 전기/자기가 서로 타고넘은 특이한 파동이기에 어떤 물체도 광속을 넘지 못하고, 에너지를 가할수록 질량이 무거워지고, 길이는 짤고 시간은 느려진다. 이 방정식은 세계대전으로 인해 생각보다 보통사람의 인식에 더 일찍 등장하게되는데, 퀴리부인의 방사성 물질이  원자폭탄의 발견으로 이어진다. 핵심은 느린 중성자가 원자핵의 강력을 이기고 붕괴시키면서 미량의 질량이 무지막대한 에너지로 전환된다는 것이다. 미국은 느린 중성자를 구현할 중수를 먼저 발견한 독일을 제치고, 결국 인류역사상 최초의 원자폭탄을 일본에 투하하게 된다. "
21,GPT 제너레이션,2023,이시한,과학/기술,인공지능,"2023년 기준으로 생성AI가 가져올 변화상에 대해서 설명하고 있다.ChatGPT의 등장은 구글의 검색 서비스뿐 아니라, 모든 IT서비스에 API로 기능함으로써 완전히 새로운 거대 플랫폼으로서의 파괴력을 가지고 있다. 생성 AI는 과제를 대신할 뿐아니라 자기소개서, 직장인의 기획서등의 문서에 활용성이 크며, 작가나 마케팅 부서, 개발자 업무에도 이용 가능성이 상당하다.이로 인해 라이프 스타일의 변화도 기대되는데, 커머스나 메타버스, 맞춤형 교육, 출판과 미디어에도 혁신적인 변화를 유발할 것이다.반면, 일자리 대체와 양극화, 할루시네이션과 저작권, 빅브라더가 될지도 모른다는 불안감등의 부정적인 면들도 우려가 되고 있다.하지만, 생성AI가 가지지 못한, 인간의 기획능력과 설득력, 공감능력을 활용하고, AI의 결과를 그대로 수용하는 것이 아니라, 재조정하고 서로 연결하는 능력을 발휘한다면, 인간 사회의 발전에 긍정적으로 기여할 것이 기대된다"
22,GTX시대 돈이 지나가는 길,2020,박희용,경제/경영,부동산 투자,"철도망을 중심으로 부동산 투자의 노하우를 설명한다. 먼저 평범한 서민으로서는, 서울이외의 수도권에 전세가율이 높은 지역이 투자처로 유망하나, 교통수단, 특히 이용도가 높은 철도망에 기반해서 역세권 위주로 투자해야 한다.도시철도에서는, 5호선 하남연장, 8호선 별내연장, 4호선 진접연장, 7호선 양주연장이 좋으나, 기존에 교통망이 없거나, 강남과 직결되어 개선효과가 큰 지역을 위주로 고려하자.GTX는, 적은 역수에 표정속도가 높기 때문에, 서울에서 먼 지역에도 큰 영향을 줄 수 있다. GTX-A는 운정,동탄,신수원선,대곡이 유망. GTX-B는 투자금액이 적고, 호평,마석,인전시청 지역이 유망. GTX-C는 강남접근성이 획기적으로 개선되는 의정부,양주 덕정이 유망.추가적으로는, 역세권 500m, 500세대 이상을 투자하는 것이 바람직하다"
23,MIT 스타트업 바이블,2014,빌올렛,경제/경영,창업,"MIT의 스타트업을 위한 교육으로, 창업의 필수 요소를 설명하고 있다.고객을 파악하고, 고객에게 제공할 가치, 제품 구매 과정, 수익 창출 전략, 제품의 기획 과정, 사업 확장 방법등 총 6가지의 범주로 과정을 구분하고 있다.먼저 시장을 세분화한후 거점시장을 선택하고, 이에 맞는 고객의 페르소나를 정확하게 정의해야 한다. 이때부터 실제 고객을 만나서 그들의 요구화 피드백을 받는 과정은 앞으로도 지속되어야 할 가장 중요한 요소이다.다음으로, 제품의 가치와 자신의 핵심 역량(경쟁력)을 명확히 하자. 고객이 구매하는 과정이 실제로 어떻게 되는지 정밀하게 이해해야 한다. 주된 영향 인자와 방해 요인까지 명확해야, 수익성 계산 단계로 넘어갈 수 있다. 돈을 지불하는 실고객이 생기기 전까지는 제대로 된 사업이 아니다!수익창출로직을 설정하는 과정은 더없이 중요하다. 비즈니스 모델(고객에게 돈을 받는 형태)을 선택하고, 비용을 제외한 이익을 정확하게 계산한후, 고객 생애 가치와 신규 유치 비용을 비교하라.마지막으로, 이 모든 설계가 실제로 들어맞는지 확인해야 한다. MVP 상품을 실제로 판매해서, 그동안의 핵심 가설이 들어맞는지 확인하라"
25,가끔은 겪하게 외로워야 한다,2015,김정운,인문/자기계발,외로움과 정체성,"현대 사회가 수명의 증가에 따라 개인주의가 부상하고, 고독이라는 부작용이 수반되고 있다.특히, 고령층 그리고 중년남성의 고독으로 인한 죽음등이 사회적인 문제로 대두되고 있다. 저자는 이를 사회적 상호관계와 권력 구조의 관점에서, 퇴직등으로 인해 사회적 권력을 상실하고 정체성의 혼란을 겪고 있는  현상의 결과로 인식하고 있다.이를 해결하기 위해서는, 사람들간의 소통을 좀더 독려하고, 편하게 대화할 수 있는 사회적 공간을 확충해 나갈 필요가 있다."
26,가짜 노동,2022,데니스 뇌르마르크,역사/사회,현대 노동,"매우 도발적인 책이다. 20세기초 러셀, 케인즈, 로이드 라이트가 예언한 노동이 필요없는 시대가 왜 도래하지 않는가에 대한 논의이다. 현대의 많은 화이트칼라의 사무직, 경영직 노동이 실제로는 빈둥거리거나, 불필요한 일로 채워져 있다고 본다. 업무의 여러 문제점을 해결하려고 하는 대책들이 다시 새로운 일이 되어 끝없이 중첩되고 있다. 다른 회사가 끊임없이 벤치마킹하며 새로운 일을 더하고, 있지도 않은 리더십 신화에 직원들을 극한으로 몰아넣고 마지막 1%를 짜내기 위해 2배3배로 리소스를 추가 투입한다.불필요한 일로 가득 채워진 시간에 대한 절대적인 믿음으로 노동시간만이 가치를 인정받는 유일한 수단이 되어, 사람들은 계속해서 가짜노동을 한다.노동에 대한 본질이 남에게 인정받기 위한 것이라는 관점에서 쉽게 노동시간을 줄일순 없을거라고 한다. 하지만, 불필요한 일을 줄이고, 시간이 남으면 휴식하고, 또는 정말 중요한일에 헌신해 보자. 일 말고 우리가 할 수 있는 무엇인가를 찾아 나서 보자"
27,가치있는 아파트 만들기,2017,정헌목,경제/경영,아파트 공동체,"저자는 기존 인류학적 연구가 특수집단에 치우쳐 있다고 보며, 주류 문화인 아파트 대단지의 문화에 대한 인류학적 연구를 수행한다.먼저 한국에서 아파트는 70년대 정부의 현대식 생활 도입의지로 인해 점점 사람들의 관심이 높아졌고, 80년대에 대중의 불만을 아파트로 대변되는 중산층의 자산 증식으로 해소하는 과정에서 주류로 부상한다.연구 대상인 성일 노블하이츠는 서울인접도시의 재건축 단지이다. 단지 입주민들은 재건축 시기에는 아파트를 주로 투자 가치의 상승의 관점에서 바라본다. 이 과정에서 재건축 조합의 비리를 감시하기 위한 입주자협의회 등을 통해, 주민들의 아이덴티티가 드러난다.하지만 입주후에는 경기침체기와 더불어, 투자가치보다는 편안하고 살기좋은 아파트라는 가치에 주목하게 되지만, 공동체 운영활동에 대한 대중의 무관심이 한국의 아파트문화의 상징이 된다.때로는 어린이사망사고와 같은 계기로 인해, 주민의 관심이 높아지기도 했으나, 일시적일 뿐이었고, 아파트 공동체에 대한 고민이 계속 필요하다"
28,감정은 습관이다,2013,박용철,인문/자기계발,감정 습관,"니코틴 중독과 같은 나쁜 습관이 삻의 질을 떨어뜨리듯이, 감정은 일종의 습관으로 자리잡아, 삶에 부정적인 영향을 주게 된다.잘못된 감정 습관이 불안을 심화시키거나, 심지어 우울증으로도 이어지는 등, 폐해를 유발하기 전에 이를 억제하는 노력이 필요하다.꾸준한 자기 관찰을 통해, 부정적으로 빠지는 자기자신의 패턴을 발견하고, 긍정적인 사고를 일으킬 수 있도록, 지속적으로 연습하는 것이, 생각하는 것보다 효과적으로 감정 습관을 치유할 수 있게 한다."
29,강남되는 강북부동산은 정해져 있다,2022,엄재웅,경제/경영,부동산 투자,"저자는 기존의 부동산 투자 공식을 뒤집고, 도시 계획에 근거한 합리적 의사결정으로 최대의 수익을 거둘 것을 제안한다.현재(2022)기준으로 정부의 규제책으로 기존의 핵심 입지+신축 필승이라는 고정관념은 전매제한등으로 기대가 어려운 상황이다. 따라서 아파트 지역 위주에서 벗어나, 용적률이 높은 상업지를 포함한 개발 구역에 대한 이해 높여 새로운 가치를 창줄해야 한다.이런 개발 구역에 대해 이해를 높이기 위해서는 서울시등 정부지자체의 정책을 잘 알아야 하며, 서울 생활권 계획에는 이런 내용이 총망라되어 있으므로, 숙지하는 것이 중요하며, 반드시 원문을 통해 확인해야 한다.서울의 기본 방침은 강남북 균형개발이며, 비강남권 주요 거점개발 지역을 주목해야 한다. 먼저 동북권은, 창동/상계는 GTX 및 창동기지 개발등이 예정된 유망한 지역이다. 서북권에서는 상암 수색은 롯데몰 중심으로 개발이 예정되어 있고, 구파발,연신내는 GTX및 서울혁신파크에 주목하자. 서남권은 김포공항의 고도제한 해제와 더불어 공항동/방화동 재개발이 전망이 좋고, 구로의 천왕역세권도 중점 개발이 예정되어 있다"
30,강남의 탄생,2016,강희용/한종수,경제/경영,도시 개발,"오늘날의 강남의 탄생과 발전 역사를 자세히 설명한다.강남은 전후 서울 인구의 급팽창과 북한의 위협에 대응하기 위한 한강 이남 개발의 필요성에 의해서 탄생한다. 박정희 정권의 강한 의지를 바탕으로, 제3한강교(한남대교)와 경부고속도로 건설이 신호탄이 되어, 한강 남쪽 강변의 제방사업으로 거대한 아파트 지구로 개발이 시작된다.정부의 강력한 추진력을 바탕으로, 격자형의 대규모 도로, 한강다리, 관세청등 국가기관, 병원등도 밀집하게 된다. 또한 한국의 부동산 입지의 중요한 요인인 교육기관(경기고등)이 집단 이주하면서, 인프라가 극적으로 개선된 것도 발전에 큰 영향을 준다.강남은 이후 확장의 과정을 거치는데, 동쪽으로 올림픽을 대비한 2호선 개통과 잠실 개발되고, 남쪽으로 수서와 분당 신도시가 그 예이다.강남은 투기의 교과서, 삼풍의 붕괴등 성장의 부실한 이면의 부정적인 이미지도 많으나, 재건축으로 도시경관 개선, 성형산업, 가로수길등 문화산업의 메카로의 입지등 복합적인 문화 중심지로도 꾸준히 발전하고 있다"
31,강신주의 감정수업,2013,강신주,인문/자기계발,감정과 관계,"우리는 사회 생활을 하면서, 모든 감정을 표현하기 보다는 감추고 억누르는 것을 배우고 실천한다. 그래서 얻은 결과는 이성에 질식된 죽은 감정을 가진 자아이다.이 책은 그 질식된 감정을 다시 심폐 소생시키려는 시도이다. 감정은 기쁨과 즐거움만 있는 것이 아니라, 분노, 슬픔, 불안, 절망과 같은 감정들도 사람에게  당연히 필요하고, 소중한 것들이다.저자는 다양한 문학 작품과 철학자들의 담론을 통해서 죽어가는 감정을 되살리려는 시도를 이어간다.나보코프의 ""롤리타""라는 작품은 중년 남자가 10대 소녀를 사랑하게 되는 내용인데, 소아성애자가 롤리타 증후군으로 불리는 이유. 사회적으로 매장될 것임을 알면서도 그가 사랑을 선택하고, 통념의 노예가 아닌 삶의 주체로 태어난다."
32,개인주의자 선언,2015,문유석,인문/자기계발,개인주의와 사회적 책임,"판사인  저자는, 한국사회의 집단주의로 인한 폐해를 건강한 개인주의를 강조함으로써 극복하고자 한다.여기서 말하는 개인주의란, 한 사람이 전체와 다른  의견과 생각을 자유롭게 말하고, 실행할 수 있는 사회적 환경을 의미한다.개인주의를 온전히 실현하기 위해서는, 다른 사람에 대한 이해와 받아들임이 선행되어야 한다. 여기서 말하는 타인에 대한 이해는, 남에게 피해를 주지 않는 범위의 소극적인 개인주의의 의미라기 보다는,  타인이 실현하려고 하는 개인주의적 행동으로 수반될 생활의 불편을 이해한다는 의미이다.이런 관용적인 사회 분위기가 전제될때, 진정한 의미의  개인주의가 꽃피는 사회가 될 수 있다."
33,거의 완벽에 가까운 사람들,2018,마이클 부스,역사/사회,북유럽 사회,"북유럽 국가들에 대한 주요 특징과 문제점을 알아보고 있다. 먼저 덴마크는 가장 행복한 나라로 꼽히지만, 일을 안하려는 사회적 분위기가 문제이다. 역시 최고 72%를 자랑하는 세율이 한 몫을 한다. 산타의 고향인 핀란드는 사우나로 굉장히 유명하다. 러시아와의 지리적 인접성 때문에 불운한 역사를 가지고 있지만, 그 복잡한 외교적인 관계를 강점으로 승화시킨 예이다. PISA에서 높은 성적을 거두는등 교육에서 성과를 발휘한다.아이슬란드는 과도한 레버리지 투기로 인해, 2008년 금융 위기에 큰 고생을 한 나라이다. 요정을 진지하게 믿는 간헐천의 나라로서 지열 발전을 통해 기후 변화에 대응중이다. 노르웨이는 브레이비크의 인종차별 무차별 테러로 충격을 안겨준 나라이다. 하지만 1980년 발견된 북해 유전으로 가장 부유한 나라중 하나이며, 사람들의 근로 의욕 상실로 많은 고민을 하고 있다.스웨덴은 지구상 가장 현대적인, 부유하고 평등하며 절제된 나라이다. 하지만 사회민주당의 일당 독재와 몰려오는 이민자로 인한 갈등이 내재되어 있다."
37,경영의 모험,2015,존 브룩스,경제/경영,기업 경영,"존 브룩스의 1969년 저작으로, 미국 자본주의의 황금시대의 기업의 경영활동에 대한 생생한 기록. 주로 경영전략이나 증권투자자들과의 관계, 그리고 세금등 거시환경에 대한 다양한 사례들을 담고 있다.포드의 애드셀 신차의 처참한 실패 사례에서는 흔히 당시 유행이던 소비자 동기 조사에 기반한 전략의 실패로 얘기되지만, 소련의 스푸트니크 사건이나, 조변석개하는 소비자의 선호도의 변화등, 해석할 수 없는 복합적인 원인 있음을 얘기한다.한편, 1962년 5월의 주식 대폭락 사태에 대해서는, 1929년 대공황의 계기가된 대폭락의 데자뷔에 대한 당시 사람들의 공포와 긴박했던 순간들을 묘사하고, 제록스의 사례에서는 칼슨이라는 천재적인 발명가의 아이디어가 어떻게 성공적인 사업으로 연결되었는지, 다양한 관련 인물들의 이야기를 통해 조명해본다.60년대의 AT&T등 대기업의 주주총회 현장에서 금융자본주의에서의 기업의 다양한 이해관계를 알수 있고, 68년에 일어난 파운드화의 금융위기에 미국과 전세계 금융가들의 긴박한 대응 과정도 엿볼 수 있다"
38,경제학자의 생각법,2015,하노벡,경제/경영,경제학 원리,"다양한 현실의 사례를 어떻게 경제적 관점에서 해석하고 판단할지에 대해서 논의한다. 먼저 중고차 시장, 매몰비용등 기본적인 경제학 개념과, 정보의 비대칭에 대해서 설명한다. 다음으로 자본주의 경제에 필연적인 경쟁에 대해, F1의 기술금지와 특허의 관계, 전통시장의 어려움을 현시선호이론, 브랜딩과 카르텔(의식적 병행행위), 용의자의 딜레마, 가중치의 함정등도 보여준다.경기의 미스터리에 대해, 돈과 인플레이션, 공급이 수요를 창출한다는 Say's Law, 정책의 일관성(샤워실의 바보), 정책의 비효과성을 내생화폐이론등도 제시한다. 경제학에 대한 오해중에서, 인구의 재앙에 대한 맬서스의 이론이 기술 발전을 예측하지 못함, 인간 노동이 기계에 위협당하는 이유가 생산성이라는 점점, 인간의 미충족 욕구가 있는 이상 노동이 종말하지 않는다는 점을 언급한다.정치에 대한 경제학적 관점도 제시하는데, 빈곤 문제 측정을 위한 척도에 대한 개선과 전문가의 지대추구 행위, 정부의 보조금이나 혁신정책의 허점, 최저임금이 실업을 유발할 수 있음을 지적한다"
39,경제학자의 시대,2022,빈야민 애펠바움,경제/경영,경제학의 사회적 영향,"20세기의 각 시대별 경제적 흐름과 경제학자의 업적을 대비해서 보여주고 있다.밀턴 프리드먼은 징병제 폐지등을 주장하며, 자유시장의 극대화에 막대한 공헌을 한 인물이다. 대공황 이후 뉴딜정책으로 대표되는 케인스주의가 득세한 미국 경제학계에서 감세를 주창한 윌터 헬러와 함께, 프리드먼의 통화주의는 70년대의 인플레이션 상황에서 빛을 발한다.80년대의 레이거노믹스는 로버트 멘델이 스태그플레이션을 감세와 고금리 정책으로 극복하자는 제안에서 비롯되어, 이른바 공급중시 경제학으로 꽃을 피우게 된다. 하지만 감세로 인한 불평등 심화는 지속적으로 부정정인 영향을 주고 있다. 반독점의 전통을 와해시킨 스티글러와 규제완화에 앞장선 칸도 중요한 영향을 주었다.짐 토치로부터 비롯된 비용편익분석의 대두, 프리드먼은 금본위제포기 및 변동환율제, 먼델은 유로화의 탄생에 역할을 한다. 칠레의 시카고학파에 의한 산업화의 실패와 대만의 국가주도 산업정책이 대비되어 보여진다. 효율적 시장가설이 파생상품과 금융가들의 실패를 설명못했으며, 그안에서 그린스펀의 한계에 대해서도 살펴본다."
40,골목의 전쟁,2017,김영준,경제/경영,시장 복잡성,"요식업 자영업을 둘러싼 사회적 이슈과 대중들의 인식에서 문제점을 찾고 개선하는 방안을 제시한다.대만카스텔라의 몰락을 방송의 영향으로 알고들있지만, 실제로는 자영업의 고질적인 문제점이 근본적인 원인이라는 주장으로 시작한다.유행의 사이클은 사람들이 열광할때 이미 수익성이 낮은 시점이 되므로, 많은 이들이 실패할수밖에 없다는 점을 명확하게 인식하라고 한다.성공한 사람들의 이야기가, 원인에 대한 잘못된 분석과 운의 큰 영향을 인지하지 못함을 잘 인지해서, 사업의 성공 요인을 냉철하게 파악해야 한다.원가에서 인건비,임대료등 재료비 이외 부분을 잘 인식하고, 유통구조와 저생산성의 농업구조에 대한 이해를 통해 비용의 진실을 잘 파악해야 한다.프랜차이즈가 품질의 상향 평준화에는 도움을 주지만, 획일성으로 인한 상권의 쇠퇴에도 부정적인 영향을 준다. 젠트리피케이션은 임대주뿐 아닌 임차인들의 쏠림현상 및 권리금등 다른 요인들도 주목해야 한다.자영업 성공을 위해 철저한 준비와 냉정한 자기 분석이 필요하며, 점차 자영업자 비율이 줄어들고 있어 장기적으로는 기회가 있을수 있음도 알려준다"
41,공간의 미래,2021,유현준,과학/기술,코로나19와 기후 변화,"코로나로 인한 도시 공간의 변화에 대한 전망을 설명하고 있다.주거 공간은, 발코니와 개인공간이 보강된 좀더 넓은 아파트가 필요하며, 기둥식 구조로 재건축 필요없는 공간으로 다시 태어나야 한다.　종교 공간은, 밀집구조의 한계로 인해 쇠퇴할 가능성 있으므로, 주중에 지역주민을 위해 활용하는 방안을 고려하자.　교육 공간은, 전염병 방지를 위해, 좀더 작은 학교로 쪼개야 하는데, 온라인 학습이 강화되어야 한다. 이는 맞춤형 교육추세로 잘 맞는다.업무 공간은, 재택근무와 거점 오피스 방식이 지속될 것이며, 공동체 의식 함양을 위해서 비전과 기업철학을 강조해야 할 것이다.도시의 밀도는 경쟁력때문에 낮아지기는 힘들 것이다. 하지만, 지하로 물류터널을 만들고 지상에 길쭉한 공원 공간과, 그린벨트 주변의 엣지 시티형태로 보완할 수 있다.상업 공간은, 밀도를 낮추면서도 수익성을 위해 상류층 전용공간으로 바뀔 우려가 크며, 남는 오피스는 주거 공간으로 개조가 필요하다.주거 공간의 부족을 위해 공급을 늘리는 것을 적극 검토하여야 한다.국토의 균형 발전을 위해선, 지역별로 특색 있는 공간 (대전은 연구형 기업타운, 여주는 자전거길)을 창출을 위한 제도적 개선이 필요하다."
42,공간이 만든 공간,2020,유현준,과학/기술,건축과 문화,"인류의 문명이 공간과 건축과 상호 작용하는 역사를 조명하는 책이다.인류는 빙하기 이후 농업의 시작되면서 문명과 도시를 만들어냈다.하지만, 동양과 서양은 기후의 차이에 의해 농업의 형태도, 문명의 하나로서의 건축 양식도 다른 길을 걷게 된다.서양은 강우량이 적어서, 밀농사가 가능하며, 지붕이 아닌 벽식 구조를 띠고 있다. 이에 반해 동양은 강우량이 많아, 벼농사 위주이며, 지붕을 받들고 있는 기둥이 공간을 만들고 있다. 사고 방식도 서양은 개인의 합리성과 절대적 가치, 동양은 주변과의 관계와 상대적 가치를 주요해지게 된다. 하지만, 도자기가 서양에 전파되면서, 그안에 묘사된 정원을 보고 서양에서도 기하학적 구조가 아닌 자연풍경식의 정원이 유행하는등 동양의 미적 요소가 전달된다. 건축에서도, 미스 반 데어 로에나 르 코르뷔지에는 바르셀로나 파빌리온등에서 기둥으로 만든 처마와 같이 동양적인 요소를 접목한 건축을 선보인다. 20세기 후반의  루이스 칸, 안도 다다오등의 동서향 이종교배 양식이 꽃을 피웠다.이제는 IT와 같은 기술과의 이종교배가 활발하며, 프랑크 게리나 파라메트릭 디자이너들의 불규칙적인 형태의 건축등이 새로운 형태로서 발전하고 있다. 건축은 자연의 제한 안에서, 융합을 통해 새로운 양식을 창출하고 있다."
43,공간혁명,2019,세라 골드헤이건,과학/기술,도시 설계,"도시 공간의 가치에 대한 인지심리학을 기반으로한 새로운 시각을 제시한다.현대 도시는 건축 디자인을 포함한 빈곤한 도시 경관 문제가 있으며, 이는 개발도상국/선진국에 관계없이 동일한 상황이다. 하지만 최근의 인지심리학등의 성과에 의하면 건축물은 사람의 감정과 사고 방식에 지대한 영향을 주며, 이것은 비의식적인 인지상태에서 이루어진다. 비의식적인 인지는 직접 반응이나, 은유적인 인지 스키마의 형태를 띠고 있다. 저자는 크게 3가지의 범주로 도시 공간이 인간에 영향을 준다고 한다. 첫째, 인간의 신체인데, 시카고의 클라우드게이트에서 거울에 비친 신체, 벨기에의 스트림박물관의 외벽 질감이 그 예이다. 둘째, 자연 환경인데, 루이스 칸의 소크연구소는 자연과 건축물의 조화를 잘 보여준다. 셋째, 사회적 공간인데, 같은 시대이지만, 예루살렘, 파리, 인사동은 매우 다른 경관을 통해 공간에 맞는 행동 유도성을 보여준다.따라서 공간 경험을 개선하기 위해서, 질서있지만, 단조롭지 않게 어느 정도의 복잡성을 지닌 디자인이 중요하다. 또한 솜씨좋게 선택된 은유에 의해서 공간의 개성이 잘 살아난다. 이를 통해서 개개인의 역량을 자유롭게 발휘할 수 있는 환경을 제공하는 것이 필요하다"
44,공정하다는 착각,2020,마이클 샌델,인문/자기계발,능력주의 비판,"21세기의 지배적인 담론이 된 능력주의의 문제점을 고발하고, 이를 보완할 수 있는 정책 방향을 제시한다.능력주의는 높은 성과를 보이는 재능을 가진 이들에 대한 합당한 보상을 강조하고 있다. 하지만, 센델을 포함한 롤스주의자들이 문제를 제기하는 지점은, 재능의 원천이다. 즉, 유전적인 측면을 제외하고도, 부모의 사회적 지위에 의해, 자식의 교육을 포함한 다양한 사회적 혜택이 차이나게 되어, 이것이 능력의 차이로 이어진다는 것이다.이를 극복하기 위해 단순한 기회의 균등에 만족하지 말고, 조건의 균등에 대해서도 주목해야 할 시점이다"
45,과학이 필요한 시간,2022,궤도,과학/기술,과학기술과 인류,"현대 과학(수학)의 중요한 테마들을 쉽게 설명하지만, 하나하나 결코 가볍지는 않은 책.  [컴퓨터]. 인공지능에서 알고리즘과 달리 AI는 예측을 한다. 가상공간은 AI로 정교해짐. 튜링머신 암호해독을 위한 에니그마와 튜링테스트. 양자컴퓨터는 50개이상의 큐빗으로 양자우위.  　　　[인간]. 시간은 엔트로피의 증가. 기억은 알츠하이머를 극복한 수녀들의 시냅스 증가. 꿈은 기억을 처리하는 과정. 노화를 극복하기 위한 인공장기 . 죽음 직전의 영화같은 기억은 감마파로 확인  　　　[우주론]. 블랙홀은 우리은하 중심의 거대질량 블랙홀. 중력파는 무거운 질량에 의한 시공간의 떨림. 화성은 테라포밍이 400년 소요. 혜성을 통해 지구 생명의 기원을 탐사한 로제타호. 제임스망원경을 통한 우주의 신비 사진 공개.  　　　[최종 이론]. 상대성이론은 빛의 속도만 절대. 엔트로피는 공간내의 배치확률. 정보이론에서 블랙홀 주변의 홀로그램이 우주. 양자역학의 상태중첩은 다중우주로. 표준이론 페르미온 12종+보손 4종과 힉스입자. 끈이론은 보손+페르미온 초대칭. 　　　　[수학 이론]. 페르마의 정리는 세제곱 이상수, 와일스가 타원곡선으로 해결. 차원은 우주가 3차원임을 증명+ 에보트의 플랫랜드. 푸앵카레는 밀레니엄 7대과제 끊임없고 닫혀있는 당구공과 위상동형. 파이는 아르키메데스의 무한정다각형. 무한은 무한의 일부는 무한과 동일, 힐베르트의 호텔"
46,국가란 무엇인가,2017,유시민,역사/사회,시민권과 국가,"국가에 대한 철학적/사회과학적 사상에 대한 종합정리서이다. 먼저, 국가론을 홉스의 국가주의, 밀의 자유주의, 마르크스의 사회주의로 변화한 과정을 설명한다. 통치자에 대해서는 플라톤과 맹자의 철학자와 군자가 텔로스(목적)를 추구하는 국가론과, 최악을 통치자를 견제할 수 있는 민주주의를 이해해햐 한다. 애국심에 호소한 피히테와 함께, 악으로 규정한 톨스토이와, 자유주의적 가치를 공유한 애국심을 얘기한 르낭이 있다.칼 포퍼틑 혁명을 유토피아적 공학으로 규정하고 점진적 공학의 개량주의를 택했으나, 하이에크는 이마저도 자유지상주의의 적으로 규정한다.진보주의의 정의는 베블런에 의하면, 끊임없는 현실의 변화에 최적화하려는 의지로서, 보수주의는 이에 반한다.개인은 이타심이 도덕적 선이나, 국가는 정의 실현을 이상으로 삼아야 한다. 마지막으로 정치인의 도덕법을 칸트의 정언명령과 베버의 책임 윤리로 설명하면서, 비창조적 이상주의에 치우친 혁명가들의 실패를 조명한다"
47,국화와 칼,1946,루스 베네틱트,역사/사회,일본 문화,"베네딕트는 제 2차 세계 대전에서 미국이 마주친 일본인을 해석하라는 임무를 부여받는다. 그들의 행동이 미국인의 시각에서 이해되지 않기 때문이었으리라. 그는 모든 인류가 국가에 관계없이 동일하다는 사해동포주의를 경계하면서, 그래도 민족간의 차이를 서술하려는 노력이 필요하다고 강조한다. 그에 의해서 정리된 일본인의 모습은 다음과 같다.사람은 모두 자기에게 맞는 위치를 가지고 있고, 거기에 맞추어 살려고 노력해야 한다. 타인과의 관계에서 가장 중요한 것은 은혜를 의미하는 ""온""인데, 남에게 받은 것은 반드시 동일하게 갚아야 한다는 절대적인 의무이다.하지만 이것이 계약 관계가 되면, 의리인 ""기리""가 되는데, 결국 미안해서가 아니라, 계약으로 받았기 때문에 정확히 동일하게 갚아주면 된다.이런 의무의 굴레를 해소하기 위해, 인정인 ""닌죠""의 세계에서 쾌락을 잠시 즐기다 오면 된다. 이런 온(충효)과 기리, 닌죠가 서로 어울리지 않아 보여도, 각자의 적절한 위치에서 일관성없이 수행되어도 되며, 단지 ""마코토""의 마음가짐으로 성실히 임하면 되는 것이다."
49,그들은 왜 나보다 덜 내는가,2021,이매뉴얼 사에즈게이브리얼 저크먼,경제/경영,조세 불공정성,"미국의 현 조세제도가 불평등의 심화에 결정적인 기여를 하고 있다는 것을 광범위한 정량적 분석을 통해 파헤지고 있다.미국의 하위 50%의 평균 소득은 1.5만달러로 평균 8.5만달러보다 상당히 낮은데, 사회보장세, 건강보험등 역진적 세금제도와 법인세등 자본에 대한 세금이 낮은 관계로 오히려 최고 부자가 낮은 세율이 적용되고 있다.하지만 1980년이전까지는 지속적으로 법인세 및 최고 소득에 대한 세율증가로 인해, 세계적으로 가장 혁신적인 누진세제를 가지고 있었고, 이것이 실제로 불평등 개선이 긍정적인 영향을 준 것을 확인할 수 있다.하지만, 파트너십등을 통한 조세회피와, 법인들의 조세 도피처로 수익 이전을 통한 법인세 면제등이 조세 집행에 어려운 환경을 조성했고, 레이건시대에 정치적 타협으로 부자들을 위한 감세정책이 전격적으로 시행된다.이 결과로 그후 40년동안 노동계층의 소득은 완전히 정체했고, 이를 개선하기 위한 대책으로 국민소득세와 같이 누진적인 세금체계를 구축하여, 불평등을 해소하고, 동시에 국민의 건강,교육을 보장하는 방향으로 나가야 한다"
50,그리드,2021,그레천바크,과학/기술,지속 가능한 에너지,"재생 에너지가 부각되는 시점에서, 미국의 전력 산업에 대한 역사를 바탕으로 전력 그리드의 과제와 전망을 제시한다.전기는 19세기 에디슨의 발명으로 인해 산업으로 발전이 시작된다. 그는 병렬 방식로 제안하면서, 전원 하나에 여러 전기 기구를 사용할 수 있게 했으나, 그가 고집한 직류방식은 변압과 수송효율이 좋은 다상 교류 방식으로 대체된다.로버트 인설은 시카고 에디슨회사등을 설립해, 소규모 전력회사를 대규모 그리드로 통합하여 독점적인 산업으로 발전시킨 주인공이다.하지만, 1970년대 에너지 위기와 함께, PURPA 및 ISO와 같이 그들의 독점권이 더 제한받고 다양한 발전회사들이 그리드에 참여하는 형태가 되는데, 이것이 전력 그리드를 약화하는 하나의 원인이 된다. 발전소나 송배전시설은 노후화와 관리부재로 인해 블랙아웃 가능성을 높이고 있는데 발전소와 송배전 사업을 분리시킨 에너지정책법은 이를 부채질했다. 한편 피크수요를 감지하는데 효과적인 스마트미터기 보급은 소비자의 개인정보 우려때문에 어려움을 겪는다. 블랙아웃에서 회복력을 발휘하기위해 마이크로 그리드같은 국지적 전력시스템도 만들어지고 있으나 아직 매크로그리드와 통합에 대해 정부는 부정적이다. 재생에너지가 기후위기를 극복하기 위해 대두되고 있으나 불규칙한 생산으로 인해 양수발전등  저장수단이 필수이다. 배터리가 대안으로 유력하지만 더 많은 혁신이 필요하다. 절전을 통해 이른바 네가와트를 생산하는 것도 중요한 시대정신이다. 이와 스마트그리드를 조합해 가상발전소를 운영할 수 있는 혁신도 더욱 많이 고민해야한다"
51,그리드를 파괴하라,2016,이동우,경제/경영,조직 혁신,"기업의 혁신을 위해서는 물리적인 의미에서의 그리드와 눈에 보이지 않는 그리드를 제거하는 것이 필요하다고 주장한다.현대 기업의 역사를 통해 테일러리즘과 포디즘의 영향을 통해, 획일화되고 개인별로 명확히 구획된 공간에서 일하는 형태가 고착이 되었다.하지만, 최신의 기업 활동에서 창의력이 매우 중요하가 대두되고 이를 위해서는 많은 이들이 자유롭게 소통할 수 있는 문화의 필요성이 커지고 있다. 이를 위해서 페이스북과 같이 거대 공간에 칸막이가 거의 없이 책상이 놓여 있어서, 사람들간의 가깝게 대화하고 협력하는 공간을 창출하고 있다.또한, 거대조직의 창의성이 떨어지는 경향이 있으므로, 리더에 속한 구성원의 숫자를 한정하고, 브레인스토밍과 같이 강제적인 아이디어 동원보다, 넓은 광장에서 약간의 소음속에서 일하는 것이 더 생산적일 수 있다. 한편, 다양성과 소수의 의견을 존중할 수 있는 문화를 리더가 받아들여야 한다"
52,글로벌 고령화 위기인가 기회인가,2016,폴 어빙,경제/경영,고령화 사회,"고령화 시대를 대처하는 방법들을 여러 분야의 전문가들이 제시하고 있다.고령화에 대해서는 사회가 후퇴하는 부정적인 시작도 있고, 새로운 기회로 보는 긍정적인 시각도 있다. 하지만 고령자들도 개인별로 다양한 차이가 있기에 이에 근거한 맞춤형 대응이 필요하다. 의학측면에서는 유전자등에 기반한 예방과 진단 의학의 발전이 고령사회에 대두될 것이다. 한편, 새로운 니즈는 새로운 산업을 발전시키는데, 노인지원/인프라보강/라이프스타일/자원봉사등이 변화가 예상된다.한편, 노년층은 점점 일을 계속하며 자기를 실현하려고 할 것이며, 이것이 자선활동들도 좀더 풍부해지면, 대학도 고령층에 타겟팅하는 방향으로 전환을 모색하고 있다.영국에서 주목하는 고령화의 3가지 핵심은, 알츠하이머 예방, 고령친화환경, 나이차별종식이다. 재무 관리측면에서도 장수하는 환경을 대비한 장기적이고 촘촘한 금융설계가 필요하다. 한편, 고령층이 되는 것을 인생의 새로운 전환기로 받아들이고, 가능성을 탐색하고 실천할 수 있는 제2의 노화혁명이 다가오고 있음을 모두 인식해야 할 것이다"
53,기대의 발견 ,2023,데이비드 롭슨,역사/사회,기대와 인식,"우리가 흔히 플라시보 효과라고 부르고 있는, 주관적 기대가 현실화되는 과정에 대해, 최신 연구를 제시하면서 설명한다. 이는, 최근에 밝혀지고 있는 뇌가 예측 기계라는 과학적 사실에 기반하고 있으며, 예측과 뇌, 그리고 신체 활동이 서로 연결되어 발생하는 현상이다.뇌에 긍정적인 예측이 결합된 플라시보와, 부정적인 예측이 결합된 노세보 는, 실제로 우리 몸의 화학 작용에 영향을 주면서 발생한다고 한다.이는 다양한 분야에 적용될 수 있는데, 타인의 불행을 보고서 나도 동조하게 되는 집단 히스테리(거울 뉴런 효과), 극한의 운동에서 느끼는 한계점 현상이 뇌의 에너지 Budget에 기인함을 설명한다.나아가서 긍정적인 기대에 의해, 식욕과 올바른 식습관이, 스트레스를 생산적인 파워로 변화시키고, 정신적 에너지의 한계라는 잘못된 관념을 극복할 수 있다. 인지 능력 개발과, 노화 현상에도 긍정적인 영향을 줄 수 있다"
54,기분이 태도가 되지 않게,2020,레몬심리,인문/자기계발,감정 관리,"우선은 감정을 잘 억제해야 한다. 부정적인 결과나 피드백에 당황하거나, 분노하지 말고, 잘 컨트롤하는 것이 필요하다.   또한 다른 사람의 부정적인 감정에 전염되지 않기 위해서는 의도적으로 멀리할 필요도 있다.  나 자신에 대해서 친구를 대하듯이 이해하고 공감해주고, 남의 평가에 연연하지 말고, 자신 스스로와 비교하고 개선해야 한다. 하지만 심리학자의 모든 말들은 모호하기도 하고, 대증요법적으로, 상황에 맞게 계속 변하는 특징이 있다.  자신을 이해하고 소중히 하면서도, 그것이 타인에게 심한 영향을 줄 정도로 표출되지는 않아야 하는 것. 이 책이 요구하는대로 양쪽다 잘하는 것은 과도한 요구 같고, 그냥 유연하게 대응할 줄 알아야 한다는 것, 이정도가 실제로 얻을 수 있는 배움인 것 같다"
55,기브앤테이크,2013,애덤 그랜트,경제/경영,이타주의,"남에게 베푸는 사람이 성공적일 수 있음을 보여준다. 이를 기버라고 부른다.인맥이 성공의 중요한 요소로 인식되고 있는데, 인맥이 넓은 사람의 특징은, 보상을 바라지 않고 주변사람을 도와준다는 것이다. 기버는 좀더 좋은 성과를 거두는 환경은 동료들과의 협업을 통해서다. 또한 다른이의 성과를 개선하는데도 도움이 되는데 그들의 능력을 이용하기보다, 인정하고 신뢰를 주는 기버가 되면 주변사람들의 가능성을 실현시킬수 있다말을 할때도 더듬고 뭔가 부족함을 보여주는 것이 같은 뛰어난 능력을 가진자라도 보다 신뢰감을 주어 공감과 협조를 이끌어낼수 있다.하지만 기버도 지치거나 이용당할 수 있기 때문에 대착이 필요하다.먼저 남을 위하는 만큼 자기도 위해야한다. 다른이의 인정도 받으면서 선행의 목적도 분명한 편이 지속성이 좋다.또한 때로는 당당하게 요구할수도 있어야 하는데 협상에서 얻기 위해서 가족을 위한다는 명분을 떠올리는 것도 좋다.마지막으로 실천을 강조한다. 실천이 우리가 과소평가하고 있는 기버의 위력을 실감하게하고 우리안에 내재된 공동체의 소속감에 기인한 호혜적 선의를 일깨을수 있기 때문이다"
56,기하학 세상을 설명하다,2022,조던엘렌버그,과학/기술,수학과 사회,"현실 세계의 다양한 수학적인 이면을 기하학의 관점에서 들여다 보는 어려운 책. 기하학이 형식적 연역의 연속이라고 생각하지만, 직관적인 태도가 상당히 요구된다. 또한 기존의 틀을 유지하는 것이 아닌, 틀 너머의 것을 보는 새로운 시각들도 있다. 예를 들면, 유클리드의 5번째 정리인, 한 직선밖에 한 점을 지나는 평행성은 하나밖에 없다, 와 같은 명제로 부정되는 기하학적 세계도 존재하는 것이다.위상 기하학에서, 빨대의 구멍의 개수를 추론하는 과정을 통해 우리가 익숙하게 생각하는 공간 개념을 해체한다. 면적을 늘리는 것을 허용하는 스크런치도 마찬가지.로널드 로스의 모기에서 랜덤워크 이론과 바슐리에의 증권 가격 모델이 등장한다체스 세계챔피언 틴슬리의 이야기에서, 경우의 수에 대한 Tree 모델을 접할 수 있다암호 분야에서 필요한 거대 소수를 위해 오팔 반지를 이용한 기하학적 해결 방법에 대해서도 논의한다.인공지능 분야의 경사하강법의 논의도 있고, 코로나를 배경으로 전염과 수열관계, 그리고 미분방정식으로 연결 고리도 설명한다.피보나치, 구글의 페이지 랭크, 그리고 스탠리 밀그램의 작은 세상 이론의 연결고리 설명도 현란하다.개리맨더링을 통한 법적 판단과 기하학적 해결책의 상관 관계는 의미심장하다"
57,기획의 정석,2013,박신영,경제/경영,기획 방법론,기획의 본질과 방법론에 대해서 실감나게 잘 설명한 책먼저 기획의 중심은 기획자가 아니라 대상이 되는 상대방이므로 그의 입장에서 이해가 되어야한다.4MAT의 틀로 시작하면 좋은데 WHY WHAT HOW IF이다. 이중에서 WHAT을 먼저 꺼내기보다 WHY로 시작해야 본질에 충실한 기획이 된다.시작이 막막하면 그림으로 시작해라. 이상적인 모습과 현재를 비교하고 그 차이와 원인이 무엇인지 도시화하면 좋다. 목표를 명확히 하려면 문제를 잘게 쪼개어 보라. MECE방법을 참고하라. 또한 쪼개진 부분들을 그룹핑하고 네이밍을 하면서 좀더 구체화시킬 필요가 있다.지금까지 내용들은 심플하게 컨셉의 형태로 표현될수 있어야 하는데 한다. OO하면 의미있쟎아. 대세가된다. 이렇게 이미지화하자.액션플랜을 보여줄땐 사용자의 시점에서 일어나는 일들을 따라가면서 정리하되 5W1H로 매트릭스화하면 듣는이가 따라가기 좋다. 이때 IF관점에서 이걸하면 이렇게 될겁니다라는 메리트를 한번더 부각하자.마지막으로 모든 기획들을 스토리텔링이 되게하라. 숫자를 쓰거나 비교 대상을 명확히 하면 사람들은 이해하기 좋은 이야기로 받아들인다
58,기후미식,2022,이의철,과학/기술,지속 가능한 식습관,"기후위기를 대응하기 위해서 우리의 식단을 바꿔야 한다는 주장을 담고 있다.기후위기 위기는 이미 일상이 되고 있으며, 이는 식량위기와 우리 건강에도 심각한 영향을 줄 수 있으며, 기후난민도 심각한 이슈로 예상된다.이를 위해, 화석연료를 최소화하고, 전기차의 보급을 높이는 시도를 하고 있지만, 우리의 먹거리를 바꾸는 것이 좀더 우선순위가 높다. 이유는 지표면의 71%중 절반인 농지가 대부분 가축 방목지며, 이로 인한 삼림의 소실이 심각하기 때문이다.또한 가축의 배기가스나 분뇨를 처리하는 과정의 메탄은 이산화탄소보다 80배 이상의 온실효과를 가져 기후위기를 심화시키고 있다.이를 위해 소/돼지등을 통한 동물성 단백질을 식물성 단백질로 전환하는 대대적인 변화가 필요하다. 플랑크톤등 해양생물도 이산화탄소를 해저에 가두는 역할을 하므로, 역시 섭취를 제한하는 것이 필요하다.동물성 단백질은 인슐린 저항성을 높이는 것으로 알려져서, 심장병등 만성질환의 핵심적인 원인으로 지목된다. 따라서 곡물과 채식을 통해 인류의 건강에도 큰 도움을 줄 수 있다.네델란드/캐나다 등은 채식을 강조하는 새로운 행동 지침등을 제정했으며, 우리도 김치와 나물등 K-푸드가 장점을 십분 살려 기후위기 개선에 동참해야 한다"
59,김대식 빅퀘스천,2014,김대식,과학/기술,삶의 의미,"인간의 삶과, 사회적 관계, 그리고 우주의 진리에 대한 이른바 큰 질문들을 나열하고 있다.    [인간의 삶] 바람직한 삶이 한국 vs 길가메시와 같이 다양함을 보여줌. 삶의 의미는 나 자신만을 위해서라면 필요가 없으나 무의미한 삶은 시지프스와 같다는 모순.인간의 죽음은 태어나기 전의 무존재이므로 슬퍼할 일이 아님. 운명이란 자유의지의 반대로서, 순간의 선택과 우연의 집합.      [사회적 관계] 진실은 사람들간의 차이에 의해 달라지며, 러셀과 화이트헤드의 수학원리도 괴델에 의해 반박됨. 민주주의는 불평등 특히 AI에 의해 위협. 서양이 세계를 지배한 것은 사후적인 설명으로서, 과거를 정복하는 것이 필요함. 소유는 농업사회가 기원이며, 아리스토텔레스도 필요성을 주장하지만, AI로 인한 모든 것이 무료인 미래는 소유의 의미가 
있을까?     [우주의 진리] 인간은 자신과 똑같은 나를 사랑하는 모순. 시간은 엔트로피의 흐름. 인간은 관찰과 수학으로 세상을 이해하는데 우주가 수학적으로 설명되는것은 그자체가 수학이어서라고. 따라서 만물법칙은 여러개의 시뮬레이션된 수학적 우주 가운데 우리가 체험하는 우주의 몇가지 상수임. 노화는 진화의 무관심에 의한 자유를 만끽하는것. 정보는 무질서를 질서로 바꾸는 것인데 인간은 정보에 편입되어 자아를 상실하고 우리가 됨. 마음도 다층의 신경망에 의해 만들어진 것이므로 AI는 더 복잡한 마음을 가지고, 기계가 만들어내는 미래에 인간의 존재 이유를 지금부터 계몽해 나갈것"
61,나는 4시간만 일한다,2007,팀 페리스,인문/자기계발,시간 관리,"유명한 경영서 저자인 팀 페리스는 자신은 핵심적인 일에 집중하고, 나머지는 효과적으로 위임하는 방법을 통해 인생을 보다 의미있게 보낼 수 있다는 메시지를 전달한다. 처음 이책을 읽었을 때 아주 신선하다는 것을 느꼈고, 이책에 영향을 받은 많은 이들이 아마 파이어족으로 전향을 시도했을 것이다.하지만, 냉철히 보면, 결국 자기 사업을 해야만, 경제적/시간적 자유를 얻을 수 있다는 것인데, 일반적인 사업가로서는 얻기 어려운 경지일 것이다.이런점을 인식하면서도, 그가 제안한 위임을 하는 여러가지 방법에 대한 조언이나, 디지털 노마드로서 세계의 다양한 도시에서 생활할 수 있다는 넓은 시야를 보여준 것은, 분명히 중요한 의미가 있다고 본다"
62,나는 단순하게 살기로 했다,2015,사사키 후미오,인문/자기계발,미니멀리즘,"저자는 사람은 빈손으로 태어난 미니멀리스트였으므로, 물건에 대한 집착을 버리고 미니멀리스트로 살아가야 한다고 한다.물건을 소유하고자 하는 것은, 결국 그것을 통해 사회적 가치를 인정받으려는 욕구에서 기인될 가능성이 크다.잘 버리기 위한 몇가지 팁을 제시하면, 가차없이 버려도 손해볼것이 없다는 것을 명심하고, 일년이상 사용을 안 하거나, 물건을 보고 가슴이 뛰지 않는 물건을 버리라고 한다. 또한, 최신 기술을 이용해 디지털 장치에 저장하거나, 렌탈 서비스를 잘 이용하면 구매하지 않고도 이용할 수 있다. 독특한 것은 저자는 미니멀리스트의 중독도 경계를 하고 있다. 경쟁적으로 버리기만 한다거나, 물건을 소유한 사람을 비난할 정도가 되어서는 안되겠다. 중요한 것은 버리고 남은 지켜야 할 소중한 것들이 목적이 되어야 한다는 것"
64,나는 왜 이일을 하는가,2013,사이먼 사이넥,인문/자기계발,리더십,"사이먼 사이넥은 3단계 골드서클이라는 컨셉을 제시함으로써 유명한 인플루언서가 되었다. 그것은 What-How-Why의 3개의 원이 점점 작아지는 형태의 그림으로써, 무엇을 할 것인지 찾기 전에 왜라는 질문에서 시작해야 한다는 것이 핵심이다.저자는 3단계 골드서클을 기업 조직과 고객 창출의 경영 원리에 접목하여 일관된 주장을 한다.먼저 더 성공적인 조직이 되기 위해서는, 성과지표 개선을 위한 단기적인 What에 집중하기 보다, 구성원이 Why를 인식하고 스스로 열정적으로 움직일 수 있는 환경이 구성되어야 한다.고객에게 다가설때도, 이 제품이 어떤 기능을 제공하는지 보여주기 보다, Why에 집중함으로써 그들이 진정으로 원하는 것을 알고 그것을 제공함으로써 성공적인 비즈니스를 영위할 수 있다"
65,나를 지키며 일하는 법,2017,강상중,인문/자기계발,일과 자아실현,"재일 정치학자인 저자가, 일의 의미를 다시 찾고, 좀더 만족스러운 직업 생활을 위한 조언을 자신의 경험을 바탕으로 주고 있다. 먼저 일의 정의를 사회에서 한 개인이 부여받은 사명이자, 자기 자신의 개성을 찾는 과정으로서 보며, 이 2가지를 조화시키기가 어려움을 인정한다.이에, 일에 매몰되지 않고 자신을 지키면서 일하기 위해, 저자는 고전과 신문 텍스트를 통해서 깨달음을 얻기를 해법으로 제시한다. 자본주의 정신을 막스 베버로부터 배우고, 인문학과 스티브 잡스로부터 사람들에게 어떤 상품을 제공해야 하는지, 시장은 왜 현대사회를 지배하는지를 폴라니의 전환의 시대를 통해 폭넓게 이해한다면, 좀더 만족스럽게 직업 생활을 할 수 있다.또한, 역사속의 리더들을 통해 배울 것을 강조한다. 벤저민 플랭클린으로부터 직업 윤리, 혼다 소이치로, 스티브 잡스로부터 인문학적 통찰, 김대중의 반발짝만 앞서가기등, 그들이 보여준 시대를 읽는 통찰력을 주의깊게 보자"
67,내 마음도 모른채 어른이 되었다,2023,로베르토 리마 네토,인문/자기계발,자아 발견,"현대 사회의 어른의 정신적 성장에 대해 논의하기 위해, 저자는 어린 왕자를 소재로 가져왔다. 독특한 경력의 저자는 융 심리학에 대한 지식을 바탕으로 이를 어린 왕자 이야기의 주인공들에 녹여 내어, 심오한 이론을 풀어내고 있다. 하지만, 원론이 자체가 난해한 탓인지, 아니면 원래 모호한 개념의 열거여서 그런지, 충분히 이해 가능하게 풀어내지지는 않은 느낌.융 심리학은 진아와 자아라는 개념을 도입해서, 한 인간의 정신적 발전 상태를 정의한다. 진아가 무엇인지 추정해 보면, 신성(또는 집단 무의식)과 같은 참된 지혜의 보고와 같은 것으로 여겨진다. 자아는 어린 시절 진아와 통합되어 있다가, 거기서 자아를 점점 획득하는 과정을 겪는데 이를 개인화라고 한다. 이 책은 자아가 다시 진아와 통합되려는 것은 어린 시절로의 퇴행이며, 자아가 팽창 일변도로 진아와 멀어지기만 하면, 삶의 진정한 의미를 찾을 수 없다고 한다. 따라서 진아에서 멀어져 자아를 추구하다가도, 진아와 가까이 대화하기도 하는 경로를 따라야 한다는 것이 내가 이해한 이 책이 제시하는 융 심리학이다."
69,내가 된다는 것,2022,아닐 세스,과학/기술,의식과 자아,"의식이 무엇인가를 정의하는 상당히 어려운 문제에 대해 도전하고 있는 책이다. 의식을 정의하는 것은 단순히 기능적 속성에 관한 쉬운 문제와 함께, 이런 기능들이 왜 생생한 경험을 수반해야 하는가 하는 어려운 문제를 포함한다.  이 어려운 문제를 풀기 위해, 저자는 의식의 실재적 문제, 즉 빨강이라는 인식을 할때, 뇌의 다양한 상태를 관찰하여 연관짓는 접근 방법을 제안한다. 따라서 이를 바탕으로 의식의 수준, 내용, Self등 3가지 단계를 통해 의식을 규정하고자 한다. 먼저 각성과 의식은 동일하지 않으므로(REM:각성X 의식O) 의식의 수준을 확인하는 다양한 측정방법이 정의되었다. TMS자극에 의한 뇌파의 PCI복잡도를 측정해 어느정도 의식의 수준을 정의할 수 있다. 다음 의식의 내용은, 하향식 예측 기제라는 혁신적인 제안이 등장한다. 감각을 통해 들어온 빨간색이 존재하는 것이 아니라, 우리가 빨강이라는 또는 chairness를 인식한 상태에서 이를 예측하여 오류를 최소화하는 추측을 할 뿐이다. 마지막으로 자기 인식. 뇌와 신체의 목적은 생명을 유지하는 것이며, 그를 위해 필수적 생리변수를 강력하게 제어해야 한다. 이는 내가 안정적이라는 제어된 환각을 강하게 수반하며, 바로 이것이 가장 깊숙한 심층에 존재하는 Being a self 의식이다"
70,내가 혼자 여행하는 이유,2015,카트린지타,인문/자기계발,자기 발견,"혼자 여행을 하는 것은 처음에는 두렵지만, 낯선 곳에서 어려움을 헤쳐나가다보면, 자신이 의외로 할 수 있는 것이 많다는 것을 알게 된다. 또한 자신과 스스로 대화하고 몸으로 느껴보면서 자신을 더욱 신뢰하게 된다. 다른이의 말에 좌우되기 보다 스스로 판단해서 실행하는 자유는 우리가 원하던것 아닌가우리는 사랑하는 사람에 항상 같이 있으려고 하지만, 때로 멀리 떨어져 있는 것이 더욱 애틋함을 키워준다. 저자는 몇가지 여행을 팁을 제공한다. 7년에 한번, 인생의 전환점에서 여행이 도움이 되고, 여행을 떠나기전 목표를 정하고(예를 들면 음악가 생가 방문) 가야 나에게 도움이 된다. 또한 사진보다는 글쓰는 것이 여행의 기억을 오래 남기는 방법이다.또한 홀가분하게 여행을 떠나는 마음으로 일상 생활을 즐기는 것도 좋다. 우리는 진실한 자신과 여행을 통해 이미 대면했기에 충분히 가능한 일이다"
71,내러티브 경제학,2021,로버트 쉴러,경제/경영,내러티브 경제학,"내러티브가 경제의 다양한 현상, 특히 경제적 위기의 발생에 큰 영향을 미친다는 것을 설명하고 있다.내러티브는 전염병과 같이 전염률과 회복률의 균형에 따라서 유행할 수도 있고 아닐수도 있으며, 전염률/회복률을 측정할 방법은 아직 없다. 신경학의 발전은 두려움을 기억하고자 하는 메커니즘이 내러티브의 자발적 확산을 유발할 수 있음을 보여준다. 강한 내러티브는 사람의 마음속에 남아 경제적 변화를 유발할 수 있음을 받아들여야 한다.저자는 경제 내러티브중 오랜 기간 유지되고 있는 몇가지 중요한 예시를 제시하는데, 이들은 시대에 따라 변이하면서도 재발하는 모습을 띤다.경제공황과 신뢰 상실, 근검절약과 과시적소비는 경제 위기에서 자주 등장하는 내러티브이며, 금본위제와 복본위제는 비트코인 내러티브에서 유사하게 재현된다. 노동절약기계, 그리고 자동화의 신화는 기술적 실업와 연관된 아주 오래된 내러티브로 AI시대의 핵심 담론이다. 부동산, 주식 시장의 거품론 역시 현대 경제에 반복되는 주제이다. 물가에 대한 악덕기업가와 노조의 임금인상의 영향도 물가가 이슈가 되는 주요한 국면에 언제나 등장하는 주제이다."
72,내안에서 나를 만드는 것들,2015,러스 로버츠,인문/자기계발,행복과 도덕성,"애덤 스미스의 도덕감정론에 대한 해설서.사람은 인류애가 있어서 타인에게 선행을 베푸는 게 아니라, 그렇게 행하는 자신이 가치있다고 여기는 자기애때문에 그렇게 한다. 이를 애덤스미스는 공정한 관찰자의 시각이라고 했다. 마찬가지로, 다른 사람에게 사랑받기를 원하는데, 사랑받을만한 자격이 있는 사람이 훌륭하다고 여기는, 공정한 관찰자의 시각이 여기에도 적용된다.그러나, 사람이 이런 덕행을 실행하지 못하는 것은, 공정한 관찰자가 존재하지 않아서가 아니라, 이를 부정하는 자기기만때문이라고 한다.한편, 사랑받기 위해 돈과 명예를 추구하는 것은 자연스러운 일이나 과도해질수 있으므로, 미덕을 좆는 것을 그는 권장한다. 이런 미덕에 해당하는 것은 자기에 대한 신중, 타인에 대한 정의와 선행의 실천이다.이런 미덕은 사회전체적으로 어떻게 실현될까? 어떤 대의가 아닌, 각 사람의 작은 행위와 이에 대한 주변사람들의 피드백이 모여서 사회 전체를 서서히 바꾼다. 그런 의미에서, 시스템적인 혁신에만 의존하는 사람들을 경계하는 태도를 애덤스미스는 가지고 있다"
73,내일의 경제,2014,마크 뷰캐넌,경제/경영,금융 위기,"경제 위기를 예측하는데 있어서, 주류 경제학의 평형 개념의 한계와 이를 극복하기 위해 현대 과학의 성과를 이용한 새로운 방향을 제시한다.주류 경제학은 보이지 않는 손, 수요공급 법칙으로 대표되는 이른바 평형 개념에 기반한 경제 이론을 제시하고 있다. 애로와 드브뢰의 증명에서 시작되어 유진 파마의 효율적시장가설(EMH)을 통해 예측 불가능하면서도 평형에 이르는 시장을 설명한다. 하지만 그들은 2007년 금융위기는 사소한 예외로 치부하는등 주요한 경제 위기를 예측하는데는 실패해왔다.저자는 지진과 같은 자연과학과 유사한, 멱함수분포/두꺼운꼬리 현상이 금융시장에 존재함을 보여준다. 이 현상의 이면에 기존 경제학의 합리적 인간 가설이 아닌, 불합리한 인간들로 구성된 시장이 있다고 하며, 나아가 개개인이 아닌 군집으로 인해 새로운 불확실성의 동역학이 발생한다. 아서의 엘파롤 술집게임을 통해, 전략의 개수가 정해진 상태에서 참여자수가 증가하면, 내쉬균형에 수렴하지 않고 불안정한 상태가 계속됨이 입증된다. 이는 파생상품이 난무하는 온갖 금융규제가 풀린 환경, 그리고 빛의 속도로 트레이딩이 일어지는 현실에서 금융이 불안정한 작금의 경제 상황을 대변한다."
74,냉정한 이타주의자,2017,윌리엄 맥어스킬,역사/사회,효율적 이타주의,"사회 공헌을 위해서 우리가 무엇을 할 수 있는지? 막연하게 우리가 가진, 이타적 행위에 대한 환상을 깨치게 해주는 내용이다.저자는, 이타적 행위를 위해 고려할 5가지를 강조한다. (1) 얼마나 많은 사람들에게 영향을 주는가? (2) 가장 비용적으로 효율적인 방법은? (3) 눈에 보이지 않는 방치된 다른 분야는 없는가? (4) 이걸 실행하지 않았다면 어떻게 되었을지? (5) 성공가능성과 기대 효과는 어떻게 되나?이런 기준을 바탕으로, 자선단체를 선택할 때도, 실제로 많은 사람들에게 혜택을 주는지, 비용 효율적인지 검토하자. 윤리적 소비 또는 공정무역을 내세우는 제품들이 더욱 도움이 필요한 저소득 국가의 노동자들을 외면할 수도 있다는 것도 인식하자.또한, 사회 공헌에 헌신하려고 하는 젊은이들이, 자신의 역량과 커리어를 충분히 고려하여, 우선 민간업체에서 기술을 습득하거나, 보수가 좋은 직장에서 기부금을 많이 내는등, 새로운 대안도 제시하고 있다"
75,넘버스스틱,2022,"칩 히스, 댄 히스",경제/경영,숫자 소통,"발표등에서 숫자를 표현할때, 사람에게 가장 잘 전달되는 방법을 제시한다. 숫자와 통계는 글자 그대로 전달할 경우 복잡하여, 듣는 이에게 잘 전달되지 않는다. 따라서 이를 일상의 언어로 번역하는 것이 중요하며, 되도록 숫자를 피하고, 구체적인 사물로 시각화하자. 지구의 담수비율  2.5% → 4리터 물통과 얼음3조각. 1로 환원하기. 부채10조달러 → 1인당 4만달러익숙한 대상. 파키스탄 → 캘리포니아주 2배구체적인 사물. 식사 1.37달러/일 → 감자부추수프단위 바꾸기. 당첨확률 100만분의1 → 0-2500년 사이에 하루 맞추기사람기준 스케일. 개미의 행동반경 → 인간기준 미국국토 범위비교로 효과 극대화 (1등이 2등의 2배). 아이젠하워의 전쟁비유.청자의 입장으로 환원. 케냐 50%식비 → 미국650달러 감자앙코르기법. 가축사육 → 지구전체 주거지+아프리카호주기대 깨트리기. 무역협력 기대치 → 중국 91% 미국 꼴찌 56%미니어처 만들기1. 지구 역사를 24시간으로 축소하기. 미니어처 만들기2. 정부예산을 1년 개인예산으로 비유하기"
77,넷플릭스 스타트업의 전설,2015,지나 키팅,경제/경영,스타트업 성장,"넷플릭스의 창립과 성장 역사를 담고 있다.넷플릭스는 1997년 마크 랜돌프에 의해서 DVD를 대여하는 서비스를 내세워 회사가 시작되었다. DVD는 작은 사이즈로 우편봉투에 얼마든지 남아서 배달될 수 있다는 것을 확인한 것이 결정적인 계기였다.DVD 플레이어 업체와, DVD 출시를 시작한 영화사들을 끌어들이면서, 점점 컨텐츠 양을 늘려갔고, 무엇보다 고객의 취향에 맞게 영화를 추천하는 협력적 필터링등 최신 기술을 활용하여 가입자 수를 점차 늘려간다.한편, 회사가 성장함에 따라, 카리스마가 넘치는 헤이스팅스를 공동 CEO로 영입하고, 전략적행보와 투자자유치에 능한 그에 밀려 랜돌프는 사임하게 된다. 회사는, 시네매치, 회원제요금제를 통해 기존 렌탈 서비스 시장을 잠식해 간다. 가장 거대한 렌탈사업자인 블록버스터도 온라인 대여서비스에 뛰어들고, 온오프라인 통합회원제로 넷플릭스를 크게 위협했지만, CEO의 교체로 인해 다시 오프라인에 주력하는 방향으로 바뀌면서 넷플릭스는 한시름 놓게 된다. 넷플릭스는 스트리밍 서비스를 출시하고, 사람들이 이에 더 익숙해지면서 DVD 대여 서비스에서 컨텐츠 스트리밍 분야의 최고 회사가 된다."
78,노동의 시대는 끝났다,2020,대니얼 서스킨드,역사/사회,기술 발전,"자동화와 인공지능의 발전에 따라 일자리의 장기적인 전망이 어떻게 될지는 논의한다. 기존에는 자동화가 저숙련 일자리를 빼앗는다고 인식되었지만, ALM 이론에 의해 틀에박힌 업무(일자리가 아니라)가 자동화에 대체한다는 것이 밝혀진다. 하지만, 틀에박힌이라는 기준 역시 인간이 명확하게 규칙화할 수 있느냐에 의해 정해지는데, 최신 인공지능의 발전은 이와 다른 방식으로 지능을 구현하고 있기 때문에 위험하다는 것이 저자의 주장이다. 이전의 AI는 명확한 규칙 기반의 지능을 지향했지만, 이른바Deep Learning으로 불리는 새로운 AI 학습방법은 인간의 규칙을 따르지 않고도 얼마든지 고도의 지능을 구현할 수 있음을 보여준다. 이에 의해 많은 업무가 점점 기계에 잠식당하고 있어, 이른바 우월성의 추정도 지속적인 기계의 인간 능력 대체에 의해 설자리를 잃어가고 있다. 이에 의해 인간노동의 필요는 줄어들고, 기계노동과 결합된 자본의 영향이 더 커지면서 불평등은 심화될 것으로 예상된다. 이에 대한 대응으로, 교육을 언급하는 사람도 많지만, 결국은 우월성의 추정이 부정되는한 한계가 있다. 따라서 국가가 적극적으로 분배에 나서서, 특히 자본의 분배를 통해 사람들이 스스로 소득을 창출하게 해야 한다. 일이 소멸된 이후의 여가에 대한 정책적 고민과 철학이 필요한 시점이다"
79,노동자없는 노동,2022,필존스,역사/사회,미세노동,"21세기 자본주의의 발전이 만들어내고 있는 미세노동의 현실을 고발하고, 이에 대한 대응을 촉구한다. 아마존의 메카니컬터크(AMT)은 데이터 가공을 외주 노동자에게 임시 노동의 형태로 배분하고 있다. 이런 형태의 노동은, 이른바 임팩트소싱으로 알려지진 사마소스와 같이 저개발국의 노동자에게 새로운 IT 일자리를 제공하는 기회로서 포장되고 있으나, 실상은 제대로 된 일자리가 아닌 임시 노동을 양산할 뿐이다. 인공지능과 자동화에 의한 일자리의 소멸을 주장하지만, 실제로는 기계와 인간의 협업이 반드시 필요하기 때문에,  하찮은 생산성 개선을 위해 편집, 평가등 특수한 데이터 작업만 미세 노동화한 인간+컴퓨터 협업 시스템을 만들어서 연명하고 있다. 자본주의의 성숙으로 늘어나는 노동력을 수용할 수 없게 되자, 파편화된 미세 서비스 노동이 증가하는데, 플랫폼 자본주의는 이런 미세노동자들을 알고리즘의 감시를 통해 통제하면서 이른바 SaaS와 같은 서비스형 인간을 양산하고 있다. 이런 환경에서 노동자들은 근시안적인 시각을 가지고, 서로에게 연대할 수 없게 되며, 결과적으로 자본의 효율화에 기여하면서 노동의 잉여로 스스로 일자리를 삭제하는 모순에 빠지게 된다. 저자는 이를 극복하기 위해, 조합은 없지만 연합을 구성하고, 무임금 투쟁을 통해 자본에 항거하는 것이 유일한 수단임을 강조한다"
80,노이즈,2022,대니얼 카너먼,역사/사회,판단 오류,"우리가 각종 판단에서 어떻게 오류를 범하고 있는지 분석하고 대책을 제시한다.판단의 오류중에 편향에 대해서는 많이 알고 있지만, 노이즈에 대해서는 문제의 심각성이 잘 인지되지 않고 있다. 정규분포상, 참값에서 벗어난 평균값이 편향이지만, 그 산포를 나타내는 노이즈도 심각한 문제이다.노이즈는 개인별 판단기준의 차이를 나타내는 레벨 노이즈와, 각 개인이  보이는 변동폭인 패턴 노이즈가 있다. 생각보다 패턴 노이즈는 상당히 커서 노이즈의 많은 부분(70% 이상)을 차지한다.노이즈는 시스템1 사고에서 주로 발생한다. 어림짐작이 척도와 결합되었을때, 사건별로 개인이 가지는 특정한 패턴에 의한 노이즈가 증폭된다. 하지만, 사람들은 귀인적 사고에 의해, 노이즈를 인정하지 않고, 편향에 의한 것으로만 해석하는 경향이 크다.노이즈를 줄이기 위해서는, 지식과 개방성을 겸비한 좋은 판단자. 가이드라인을 통한 각기 다른 척도 문제의 방지. 한번에 최종 결정에 이르지 않고, 구조화하는 방법등이 효과적이다"
81,노화의 종말,2020,데이비스 싱클레어,과학/기술,노화 방지,"인간의 노화가 극복될 수 있다는 혁신적인 발견을 한 싱클레어의 주장에 대한 내용이다.현대 의학은 노화의 원인을 활성산소에 의한 DNA 손성, 텔로미어의 감소등으로 들고 있지만, 저자는 좀더 근본적인 원인을 후생유전학에서 찾았음을 주장한다. 장수물질로 알려지는 서투인(SIRT)이 NAD, AMPK등과 함께, 세포의 유전자를 적당하게 켜고 끄는 역할, 즉 후생유전적인 역할을 못하게 되는, 이른바 정보의 손실이 노화의 원인이다.따라서 노화의 단일한 이 원인을 제거하는 것이, 현재의 각각의 질병(심장병,알츠하이머등)을 대응하는 것의 한계를 극복하고, 실질적으로 건강수명을 증가시킬 수 있다고 한다.단기적으로는 소식, 채식, 운동하기등이 생활 습관을 개선하는 것과 함께, 라파마이신,메트포르민, STAC(레스베라스톨), NAD등의 물질을 섭취하는 것이 장수물질을 활성화해서 노화를 억제할 수 있다. 나아가서, 후생유전정보의 손실을 재프로그래밍하는 방법을 발견하는 것이 더욱 근본적인 해결책이다.또한 각종 센서의 발달에 의한 맞춤 의학도 이런 효과를 극대화시킬 수 있다.끝으로, 수명연장이 가져올 인구증가에 대해서는, 건강한 노년이 가져올 새로운 활력과 기술을 통한 자원 소실의 문제도 같이 해결해야 함을 역설한다"
82,뇌 욕망의 비밀을 풀다,2019,한스게오르크호이젤,과학/기술,신경마케팅,"최신 신경마케팅의 다양한 기법들에 대해서 설명하는 책. 우선 Limbic 시스템이라고 하는 뇌의 변연계의 감정처리를 모방한 구조를 통해 인간의 욕구를 마케팅에 활용하고자 한다. 지배, 자극, 균형 시스템의 3가지 부위로 구분된 이 지도를 잘 활용하는 것이 마케팅 효과를 극대화할 수 있다. 기능이나 합리성에 기반해서만 고객이 판단하는 것이 아니라, 감정의 다양한 영역과 상호작용한 결과라는 것.의식적인 판단으로 보이는 이면에 항상 무의식적인 감정 시스템의  작용이 있으며, 사람들은 이를 사후적으로 합리적인 판단의 결과로 설명한다.고객을 이해하기위해서는, 먼저 다양한 고객의 유형(전통주의자등)을 알고, 성별 차이, 테스토스테론과 에스트로겐의 영향을 잘 인식해야 한다.또한 나이의 영향은 절대적이어서, 특히 노년층은 자극/지배 시스템보다, 균형 시스템의 영향으로 소비를 주저하고, 건강에 집착하는 경향을 보여준다.이를 이용해 고객을 공략하기 위해서는, 감정 시스템과 단단히 결합된 브랜드 영역을 확고히 구축하고, 무의식적 자극 요소인 '큐'를 언어뿐 아닌 청각/미각등을 활용할 필요가 있다. POS에서도 뇌에 저장된 공간 감각등 이용하는 방법이 중요하다.마지막으로 뇌스캔 기술등인 절대화하지 말고, 소비자 감정 분석의 보조적인 수단으로 활용하면 도움이 된다"
83,뇌과학자들,2016,샘킨,과학/기술,신경과학,"뇌과학 역사에서 중요한 신경외과 의사와 환자들의 사례에 대한 이야기. 16세기 앙리2세는 마상창 시합에서 사망하는데, 베살리우스가 뇌를 해부해 뼈의 소실없이 뇌손상으로 사망할 수 있음을 보였다. 가필드/매킨리 대통령 암살자인 기토/출고시와 카할의 신경세포론을 연결하면서, 뇌세포와 정신 이상 관련성을 알게됨 맹인 제임스 홀먼이 반향감지로 사물을 인지하는 것은, 공감각과 뇌의 가소성의 사례.  20세기초 호주 원주민에게 유행한 쿠루병을 연구한 가이듀섹은 식인풍습이 병을 전염시켰으며,  광우병에 영향을 준 Prion이라는 단백질의 정체가 밝혀진다.변연계가 손상된 엘리어트의 사례에서, 감정과 결합된 기억이 없는 환자가 사랑하는 사람을 잃는 과정을 볼 수 있다. 의사 펜필드는 다양한 간질 환자를 수술하면서, 뇌가 영역별로 기능을 달리한다는 호몬쿨루스, 뇌지도를 완성한다.망상의 대표적인, 카프그라 증후군은 이성적 인식과 감정적 인식의 차이로 인해 사랑하는 사람을 읽으며, 더 나아가 자신도 부정하는 코타르 증후군도 있다. B1 결핍이 각기병뿐 아니라 작화를 하는, 코르사코프 증후군을 유발하는데, H.M.이라는 유명한 환자의 사례를 통해 해마가 기억에 영향을 줌을 알게된다.  브로카는 좌뇌의 언어를 발화하는 브로카 영역을 발견하였고, 뇌량에 대한 연구를 통해 좌뇌와 우뇌의 담당하는 기능이 차이가 있음을 알게된다. 피니어스 게이지는 의식과 자아가 국재화하지 않음을 보여주는 사례로 기억되고 있다"
84,뇌를 바꾼 공학,2015,임창환,과학/기술,뇌과학,"뇌공학의 발전상에 대해서 설명.fMRI나 뇌파 기술이 발전하고 있으며, 고속/고해상 영상 가능. 뇌파와의 조합으로 한계를 극복이런 기술들은 BCI(뇌-컴퓨터 인터페이스)로서 타자기등이나, 거짓말 탐지기, 감정 분석을 통해 뉴로 마케팅에도 이용. 슈퍼컴퓨터의 분석을 통해 치매를 예측하기도 하면, 이런 원이로 청각/시각피질을 자극하여 장애인에게 새로운 기회 줄 수 있음인간 커넥톰. 확산텐서영상(DTI)를 이용한 뇌세포 연결 구조를 파악해 조현병등 병리적 문제 해결에 도움. 뇌 임플란트. 심부뇌자극(DBS)기술경두개직류자극(tDCS) 신경세포의 활성도를 변경시켜 뇌전증 완화 or 인지증폭이 가능. 광유전방법은 좁은 영역만 제어가능하므로 더 효과적 뉴로피드백. 일정한 자극(영상등)을 통해 뇌파의 주파수등을 변경. 자폐, 우울증 치료에 우수한 효과. fMRI로 편도체(섬엽)의 체적 감소도 확인인공지능. 뇌의 원리를 모방하여 폰노이만 방식이 아닌 Memrister 방식을 개발"
85,뉴노멀,2014,피터 힌센,과학/기술,디지털 혁명,"디지털이 일상화된 이른바 제2막을 어떻게 준비해야 하는지를 설명나의 예상된 답은, 그는 아마, 디지털시대에 정보는 많고, 고객과, 경쟁자들이 굉장히 빠르게 변해가므로, 우리도 유연하면서 신속하게 변할 수 있도록 조직과 문화를 혁신해야 한다.-> 예측이 됨1. 한계와 원칙: 적당한걸 빨리 내놓기. 기업 정보 투명성. 비 위계적2. 고객 전략: 대중보다 한사람에 Focus. 맞춤형 서비스3. 정보 전략: 막대한 정보를 체계화 시키기4. 조직 전략: 투명한 개인 평가. 아웃소싱. 인재 유동성 증가5. 혁신 전략: 외부에서 혁신 소스 찾기. 제품보다 채널/플랫폼이 중요6. 기술 전략: SaaS로 인해 IT 부서는 존폐의 위기7. 총평: 디지털 원주민 관점에서 고민하기"
86,뉴맵,2021,대니얼 예긴,과학/기술,에너지와 지정학,"에너지 자원의 문제는 기존에 중동 위주로 다루어졌으나, 셰일혁명으로 인한 미국의 입지 변화와 중국의 일대일로 전략으로 인해 큰 변화가 이루어지고 있다.미국의 관점. 텍사스 조지미첼의 수압파쇄법으로 시작된 셰일혁명으로 인해, 미국은 에너지 순수출국이자 Big3 에너지 생산국으로 변신한다. 아메리카 대륙의 캐나다/멕시코의 송유관을 통한 지배권 및 국제관계의 레버리지도 상당히 증가러시아의 관점. 가스 송유관을 통해 유럽과 긴밀한 관계. 이에 대한 미국의 방해를 벗어나기 위해 중국과의 밀착된 관계로 발전중국의 관점. 남중국해 중국의 에너지 수입 및 무역에 있어 매우 중요한 지역이다. 이에 대안으로 중앙아시아를 통한 일대일로 정책를 추진하고 있다중동의 관점. 사우디와 이란의 대립으로 인한 불안과 테러. 2010년대 불황으로 인한 원유 가격 하락이 새로운 도전으로 작용기후 위기와 전망. 재생에너지와 개발도상국의 에너지 전환에 놓인 과제들. 다양한 에너지 자원의 부상이 미래의 에너지 지도를 복잡하게 하고 있음"
87,뉴스의 시대,2014,알랭 드 보통,역사/사회,뉴스 소비,"이 시대의 뉴스란 어떤 것들이어야 하는지에 대한 참신한 시각을 알랭 드 보통이 전해준다. 19세기 플로베르가 걱정한 것처럼, 뉴스는 개개인의 비판적 사고력을 퇴화시킬 수 있으므로, 이를 개선할 수 있는 방향이 필요하다.정치 뉴스에서는 맥락이 끊어진 단편적인 지식이 주어질 뿐이며, 이는 대중을 흥미를 잃거나, 좌절이나 분노를 느끼는 방향으로만 몰아넣는다. 뉴스는 무지와 편견을 줄여주는데 기여하여야 한다.해외 뉴스는 충격적인 참상의 전달에만 급급해 있는데, 그들의 일상이나 이국적인 아름다움을 전달하는 저널리스트의 역할이 필요하다. 경제 뉴스는 단순한 지표의 전달보다, 그 이면의 기업가들의 분투에 주목한다면 세계를 움직이는 거대한 힘을 느낄 수 있다. 유명인 뉴스는, 스캔들이나 작품계획이 아닌, 성공의 비결과 배울점을 보여주는 것이 더 좋다.재난 뉴스는, 두려움보다는, 평안한 하루에 대한 감사를 고양시킬 필요가 있다. 마지막으로, 뉴스가 이렇게 진화하더라도, 개개인이 자기만의 생각을 잉태하는 인내의 시간이 더 중요하다는 것은 인식해야 한다"
88,다시 어떻게 읽을 것인가,2023,나오미 배런,인문/자기계발,디지털 독서,"종이 독서와 디지털 독서를 비교하여, 앞으로 읽기가 나아갈 방향을 제시한다. 연구 결과에 의하면 디지털 독서는 확실히 종이에 비해 집중력이 떨어져서 내용을 이해하고 기억하는데 어려움을 겪게 된다. 따라서 되도록 복잡한 개념등에 대한 이해가 필요한 경우 종이책을 읽는 것이 훨씬 효과적이다.하지만 디지털 독서는 사람들의 심리적 장벽을 낮춰주고, 웹 접속을 통해 다른 정보도 동시에 확인할 수 있어, 나름대로의 장점을 가지고 있는 것도 사실이다.이에 저자는 종이 독서와 디지털 독서를 병행하는 하이브리드 형태를 제안하고, 텍스트의 성격에 따라 다른 매체를 선택하는 것을 제안한다. 한편, 디지털 독서의 대세는 거스르기는 어렵기 때문에, 효율을 개선하는 몇가지 디지털 독서의 팁을 제안하는데, 좀더 천천히 주의깊게 읽으려고 노력하고, 독서중 메모등을 통해 기억을 보완하는 것이 효과적이다."
89,다크 데이터,2021,데이비드 핸드,과학/기술,다크 데이터,"다크데이터는 무시되거나, 수집되어도 분석되지 않아 우리가 인식하지 못하는 여러 도메인 데이터를 포괄한다. 대략 다음과 같은 종류의 데이터를 주의해야 한다. 빠진것을 아는 데이터, 빠진 것을 모르는 데이터. 표본에 일부만 선택, 특히 이를 의도적으로 선택, 중요한것을 빼고 수집, 하나만 선택되어 수집이 배제된 데이터. 시간에 따라 변하는 데이터, 시간에 따라 정의가 달라져 달리 수집되는 데이터. 요약시 누락, 측정오차, 피드백과 게이밍(성적 인플레이션), 정보비대칭. 사기에 가까운 의도적 선택, 사기에 의한 합성, 외삽
"
93,당신도 느리게 나이들수 있습니다,2023,정희원,과학/기술,건강한 노화,"저자는 현대의 자본주의가 편안한 삶을 통해 사람들의 가속노화를 부추기고 있다고 하며, 이를 방지하기 위해 내재적 역량을 강화할 것을 주문한다. 이 내재역량을 4가지의 큰 틀로 나누어 제시하는데, Mobility, Mental, Medicine, What Matters이다. 이동성은 운동을 강화하는 것인데, 근력 운동과 유산소 운동을 병행하는 균형있는 운동이 필요하다. 정신건강은, 마음챙김을 통해 이른바 옳고그름의 판단없이 나 자신에 집중하기가 필요하다. 몰입은 결과를 생각하지 않고 현재 그 자체에 집중하는 것으로서 마음근력을 향상시켜 준다. 질병관리는, 먹는것에서부터 시작한다. 이른바 MIND 지중해식단과 같이 저가공 탄수화물과 붉은고기 섭취를 줄이는 것이 좋다. 쓸데없는 항산화요법은 피하고, 다만 Metformin이나 Rapamycin은 권장된다.  중요한것 찾기는, 좀 모호하지만, 지금까지의 3M을 균형있게 유지하고, 배움과 같이 내재역량을 높일 수 있는 방법을 꾸준하게 실시하는 것이다. 친구관계와 같은 사회적 자원도 소중하게 관리하는 것이 좋다"
94,당신은 사업가입니까,2014,캐럴 로스,경제/경영,사업 성공,"사업가가에 대한 환상을 불식하고, 독자가 사업가의 자질을 가지고 있는지 명확하게 검증하는데 도움을 주기 위한 책이다.  보통 사업을 하게 되는 계기가 꿈의 실현, 취미를 일로 하기, 압박으로부터의 자유인 경우가 많지만, 이런 것들은 대단히 부적절한 이유가 된다.  사업은 단순한 판매기술, 전문지식을 보여주는 것이 아닌, 사업체 전체를 운영하는 것이 핵심이다. 그리고 현재는 모든 분야에 다양한 사업체들이 무한 경쟁을 펼치고 있는 사업하기 어려운 환경임을 인식해야 한다.  필요한 것은, 그 분야의 충분한 경험, 영향력 있는 사람들에 대한 인맥, 직원들의 효과적인 위임 및 관리, 충분한 재무역량, 고생에 대한 인내와 끈기, 그리고 이 모든것들을 동시에 운영할 수 있는 능력이다. 사업을 통해 얻는 보상의 크기를 정확히 측정하고, 리스크를 포함한 기회 비용을 정확하게 계산해야 한다. 자기만이 아닌, 가족과 그외 책임져야할 관계들을 종합적으로 고려하여야 한다.  마지막으로 준비할 수 있는 시간이 충분한지, 그리고 롤러코스터와 같은 순간을 이겨낼 정신적 자원을 가지고 있는지 잘 판단한 후에 사업을 시작하도록 하자. 절대 장미빛으로 포장된 성공스토리에 유혹되지 말고"
95,당신을 보는 세상의 관점,2015,샐리 호그셰드,인문/자기계발,개인 매력,"사람들과 같이 일을 할때, 자신의 단순한 강점보다는, 다른 사람들이 나를 인식할 때 느끼는 매력 포인트를 어필하는 것은 어떨까? 저자는 이런 관점에서 사람마다 가지고 있는 매력 포인트를 7가지로 분류해서 설명한다. 먼저 힘 매력은, 자신의 권위를 잘 활용하여 사람들을 유도하며, 열정 매력은 낙천적인고 시끌벅적하게 하면서 사람의 의욕을 고취한다. 반면, 신비 매력은 먼저 주장하기 보다 깊은 사고후에 한번에 정답을 도출하며, 명성 매력은, 최고의 품질을 추구하므로 완벽해질때까지 다듬고 또 다듬는다. 혁신 매력은, 틀을 깨는 새로운 발상을 하는 아이디어 뱅크이며, 신뢰 매력은, 돋보이는 아이디어는 없지만, 꾸준하게 관계를 유지하면서 사람의 마음을 빼앗고, 경계는 일의 구석구석 문제가 될 부분을 확인해서 미리 예방하려고 한다.모든 사람들이 이런 매력 포인트를 하나둘 가지고 있으므로, 이를 반드시 활용해서 업무를 효율적으로 할 수 있고, 조직을 운영시에는 조직의 성과 극대화를 위해 다양한 매력을 가진 사람들을 잘 조합하는 운영의 묘를 발휘하는 것이 좋다"
96,당신의 모든 것이 메시지다,2021,송길영,인문/자기계발,사회적 변화,"코로나를 기점으로 해서 일어난 많은 사회적인 변화에 대한 개인의 대응 방법에 대해 설명한다. 저자는 비대면과 사회 각 영역의 분화가 일어나는 것이 변화의 본질이라고 한다. 또한 SNS포함한 데이터가 많아짐으로 인해서, 개인이 숨을 수 없는 투명한 사회가 된 것에도 적응할 필요가 있다고 한다. 이런 사회의 변화에 발맞춰, 그리고 AI에 대체되지 않는 고유성을 발휘하기 위해서는 자기주도적인 삶을 살아야 한다.저자가 예를 드는 자기주도적인 삶은 거대 플랫폼 소유자이거나, 다양한 분야의 크리에이터의 삶이다. 이를 위해서는 남들이 따라할 수 없는 나만의 특징을 브랜드화해서 보여주는 것이 필요한데, 이것은 억지로 보여주는 것이 아니라, 오랜 기간 전문 분야에서 자신의 실력을 갈고 닦음으로서 자연히 드러나는 그런 것이어야 한다"
97,당신이 옳다,2018,정혜신,인문/자기계발,심리적 치유,"저자는 심리를 치유하는 사람이다. 정신의학을 전공했지만, 뇌영상과 화학 약품을 둘러싼 이야기가 아닌, 적정심리학이라는 지극히 평범할 수 있는 이야기를 들고 왔다.사람의 모든 정신적인, 심리적인 문제 상황은 결국 존재에 대한 공감으로 치유하고 해결될 수 있다.다른 사람을 치유할 때도, 그 사람의 소유물이나 신념보다, 그 사람의 감정을 물어야 하고, 나 자신을 돌아볼 때도, 어떤 일이 일어났는지 보다, 내가 어떤 느낌을 가지고 있는지 집중하자. 그러면 비로소 치유가 시작되게 된다.그러면서, 타인과 나의 경계를 정확히 인식하는 것이 중요하다. 언제나 나 자신의 존재를 먼저 정확하게 공감하고, 다른 사람을 살펴야 한다. 나와 그는 서로 독립적인 존재임을 분명히 해서, 각자가 스스로 보호될 수 있도록 하자"
98,대량살상 수학무기,2017,캐시 오닐,과학/기술,알고리즘 불공정성,"현대의 과학과 수학이 알고리즘을 기반으로한 여러 성과를 거뒀지만, 이로 인한 부정적인 요소 WMD(대량살상무기)로 비유하면서 혁신을 요청하는 책. 먼저, 금융시장에서 수학과 컴퓨팅에 기반한 시스템 매매는 주식시장의 급등락등의 부정적인 영향을 주고 있다. 교육에서는 유에스 뉴스의 대학 순위와 같은 줄세우기가 수학적 알고리즘을 기반으로 이루어져 학생과 대학의 무의미한 무한경쟁으로 유도한다. 인터넷에서는 데이터기반으로 타겟 광고를 보냄으로써 판단력이 취약한 계층이 무리한 소비를 하여 궁핍하게 만들고 있다. 한편 사람들의 신상정보를 알고리즘 처리를 통해 범죄자나 범죄지역을 만들고, 회사의 지원시 인성검사에서 구직자를 편향된 시각으로 카테고리화 하는 디지털 골상학으로 차별을 조장하고 있다. 클로프닝과 같이 노동자가 무리한 일정으로 회사에 뼈가 빠지게 충성하게 하는 극단적인 방법도 동원되며, 저신용자의 소액대출을 장려한답시고 알고리즘을 동원해 사람들의 경제적 지위를 알고리즘으로 재단하는 것은 일상이 되고 있다. 페이스북등 거대기업의 이런 시도는 사회적 불평등을 증가시키는 요소가 되고 있으므로, 사회적 연대와 문제제기를 통해 WMD를 무력화시켜야 한다."
99,대서울의 길,2021,김시덕,경제/경영,지역 발전,"서울의 접경지역을 중심으로 수도권 각 지역의 역사적 변천의 과정을 되돌아 본다. 특히, 2차원적으로 각 지역을 살펴보는 것이 아닌, 도로와 철도를 따라 선형적으로 연결된 각 지역을 찾아가는 방식이 특이하다. 서쪽 지역에서는, 김포선을 따라 김포시와 부천시를, 48번국도를 따라 신촌에서 강화도를, 서해안고속도를 따라 시흥에서 남양반도, 자유로를 따라 고양과 파주를 돌아본다. 동부 지역에서는, 경원선을 따라 철원을, 경춘선을 따라 구리와 남양주시를, 3번국도/역말로를 따라 광주와 하남시, 헌릉로를 따라서성남시를, 교외선을 따라 대서울 순환철도를 상상한다. 그밖에 서울을 넘어서, 1호선 국철을 따라서 수원권의 수원부터 오산시까지, 수려선/수인선을 따라, 여주와 수원, 인천등 남부지역을 잇는지역, 충청도의 경계인 평택, 천안등의 20세기의 흔적들을 답사하고 있다."
100,대전환,2022,바츨라프 스밀,역사/사회,인구 변화,"인류 현대 문명의 성과와 과제를, 광범위하면서도 물적인 기반에 충실한 분석을 이용하여, 정리 및 전망하고 있다.현대 문명을 19-20세기에 걸친 다섯가지의 관점에서의 대전환의 결과로 이해한다. 인구는 의료의 발전에 의해 20억에서 80억으로 급증했으며, 식량 측면에서는 질소 고정 비료와 공장식 농업에 의해 맬서스의 저주를 극복해냈다. 에너지 관점에서는, 화석연료에 기반을 둔 비생물 원동기의 발전으로 인해 막대한 물질 생산이 가능케 한다. 경제 관점에서, 우리는 대략 10배 수준의 1인당 생산/소득의 증가를 이루어낸다. 이런 경제의 대전환은, 결과적으로 환경 관점에서의 문제, 즉 지표 유실, 자원 고갈, 환경 오염의 문제를 야기했다.저자는 미래의 전망에 대해서, 극단적인 대멸망 시나리오나, 무한한 성장지상주의자를 배격하여, 22세기에 인구포화와 미개발 국가의 전반적인 생활수준 향상은 있으나, 환경문제의 심각한 결과는 예방하지 못하고 적응하는 수순이 될 것으로 본다. 이를 해결하기 위해서는 시스템 설계를 촉진하는등 다양한 방안을 종합적으로 실시하는 것이 바람직하다"
